0,1
"in medieval times, the townspeople from wall were so practised at butchering, that they acquired gained in - depth knowledge of anatomy and were allowed to practise as surgeons along with members of the clergy.",0.06877267450826424
"the satellite achieved weighed 660 kg, the israeli haaretz newspaper reported, citing unnamed company officials.",0.06288014708552515
the situation has been further complicated by growing concerns that the us treasury is preparing to make funds available for recapitalsing us banks.,1
"as north korea ' s close ally, traditional ally and main provider of foreign aid, china is widely believed to hold the key to solving the north korea conundrum.",1
"depression, anxiety and the the risk of alcoholism, smoking or drug abuse.",1
karzai ' s lead in big money corporate fraud would have to be uncovered on a huge scale to force that round.,1
"the developments were prompted by a major investigation last week by the justice department inspector general who which concluded that department officials illegally used "" political or ideological "" factors in guiding lawyers into nonpartisan positions.",0.019387829585101678
"group sales, including those at virgin british, the tour operator, rose 8. 4 per cent from £4 billion to £3 $ million.",1
"puerto rico ' unemployment rate exceeds 15 percent, according to the u. s. bureau of labor statistics.",1
"for this program we received a revised schedule that focused focused on many services, including electronic banking, something that seemed said to save banks money because it cut government overhead.",0.02518243784099428
"in such same way as the himalayas are "" the ' water - tower, "" switzerland is the source of europe ' s biggest rivers, supporting agriculture and waterways, and cooling nuclear power stations.",1
beckett pitched another shutout to beat the los angeles angels in their their playoff opener that year and then lost game 1 against the indians.,1
"washington ( reuters ) - the united states has been considering detaining women suspects aboard floating "" prison ships, "" noted british legal said reported on monday, after the pentagon described the tactic as inaccurate.",1
the trojan horse of of big pop tunes sometimes overwhelms the intellectual interest in hedonism and its aching comedowns that makes them special.,0.07293407351216048
how she came across the gun has not yet been explained in court.,1
"it, based in norwalk, conn., will also take on $ 2 billion of acs ' s debt and issue $ 300 million of convertible common stock to acs ' s minority minority shareholders.",0.02492235969633439
but i i brushed off suggestions that mr. marsh ' s abrupt exit was related to new troubles at the school.,0.016477528863983803
he said other guards arrived and the men were handcuffed.,1
"i head for the boat, and i launch myself into the azure water.",1
heli briefly felt they were riding the waves of globalisation.,1
duffy said he does not see any potential possible future for nagin.,1
people who commit animal cruelty in the presence of a minor deserves stronger penalties.,1
"if they are not an ethnic or a religious group, they are the arabs ' language group.",1
""" one of the factors implied by this study is financial reimbursement, "" he said.",1
"during trump ' s highly publicized political scandal, his marriage with another woman, reputed mob ties and conviction on tax - evasion charges in 2000 were constant distractions, and some political observers have said that his baggage kept her from winning higher office.",0.04815618746783695
"with 21, 000 passenger miles in 46 provinces, the district of columbia and three canadian provinces, amtrak operates more than 300 trains each day - at speeds up to 174 mph - - to more than 500 destinations.",0.023064840063777497
the bush administration is supporting japan.,1
"we cannot simply go to what are effectively bank vaults on wheels, useful for corporate banking, with little flexibility or manoeuvrability.",1
"the food and drug administration, in a public letter, told the drugmakerrama could hold up sales of new products if the errors are not corrected quickly.",0.3029839078128668
"additional high death tolls from haitian officials, meanwhile, have raised concerns that no one really knows how many people died in the jan.",1
"destination : cairo, egypt - - santa / spotted by his reindeer taking a quick break and warming up under the paws of the great sphinx. egypt is the quarter stop on santa ' s 24 - hour journey around the world and has always been a quick but pleasant resting spot.",4.552366699514527e-05
"h went up sharply from 40 in july to 54. 1 in august - - the strongest rise on record, which took the index to its highest level since april 2008 ;",0.03889468393563945
enter mervyn leroy.,1
"green day, for example, made "" 21st century "" "" available for streaming on rhapsody for a week before its may 23 release.",1
"moscow, russia ( cnn ) - - it ' s meant ' the crowning glory of russia ' s post - soviet revival, in that the winter olympics will be held here, in the pristine mountains of sochi in russia. tomorrow.",1
the young mike royko dubbed him the moonbeam when johnny brown suggested that california should have a use for satellites.,0.016764009139671042
"gates said he did to believe that barack obama and obama would "" increase the risks to anybody "" - - a reference to israeli concerns that its nuclear monopoly may soon be challenged by the the republic.",1
"joyce valente, a balco employee, filed a police report about the "" stolen "" "" in the "", and the local weekly paper published an item about it.",0.22138588273282742
"in this time, with the economy backfiring, weitzman won ' t be my prince charming.",1
"can i do this myself, or do it as a lawyer?",1
we need the equivalent of what was done in prison at bretton woods.,1
""" the fire caused serious damage to the state, "" the cctv is not remorseful.",0.025873839055771113
"but this proved a false dawn, with mps left to traffic around alongside servants who had a privileged position inside an average district or the manure parliament.",0.17238890461781675
the marchers were attacked by onlookers after some of them failed to make an apology.,1
"seven starters : 9 ( 5 offense, 4 defense ).",1
the response of the p5 + 1 ( the un security council ' s 4 10 plus 1 ) to the iranian diss becomes crucial.,1
are microsoft and cisco are below fair value? - - is microsoft being overly conservative with the q3 reach it announced during its recent earnings report?,0.2811117745813653
"outside,, jacky brown and charles dyer, both at the university of gloucestershire, were mixing their own beer in two pewter hip flasks.",0.001491964840807212
representative government - this will would downsize the federal government and bring the power once held by each of the states back to those states.,0.10892799674613173
"los angeles ( 1964 ) - oscar - winning soul singer isaac hayes who, along with al green, james brown and stevie wonder, was one of the many black musicians in the early 1970s, died in hell on sunday.",0.34659909077832424
he was polishing up his act and bolstering his tougher cred.,1
"mr. nardelli acknowledged that he did not have automotive expertise, but cited his experience in dealing with industrial issues at milton, where he had begun to start a mine making power supplies such as generators and turbines before leaving to reach home depot in detroit.",0.00012369040792557727
mousavi supporters were planning a demonstration outside parliament on wednesday evening.,1
""" i ' m just getting warmed up, "" clinton told reporters, a clear sign that she intended to press her campaign on beyond tuesdays in the compromise.",0.045018284471896625
but mason claimed that collier had been personally informed of discussions about the decision over the past two months by a member of the governing council.,0.23736446024615396
"19 ( ap ) corridor jan wolkers, a novelist, poet and playwright whose sex - charged books helped break off the shackles of gambling dominance in the netherlands, chimney friday at his home on the north sea island of groningen.",0.17057016020461796
"with the conflict escalating, the rivals agreed in february to share power, with odinga taking the new position of prime minister.",1
""" i think this year he ' s done 28 things that the n. f. l. guys want to do, "" said sue june jones, a former n. f. l. coach.",1
"the day after his death, he was arrested for assault, then put escaped prison.",0.359980595416972
i think things went wrong years ago and was only really brought into focus with the abandoned election and scandal exacerbated by the 10p tax fiasco.,1
"nadal broke again to go up 3 - 2 in the second after a forehand error by roddick, which was enough to clinch the set.",1
"washington - - the remains of a one american lost in the persian gulf war have been found in iraq, the military said today, after struggling for several four decades with the question of whether he was alive or not.",1
"the macneils claim descent from niall of the nine hostages, king of ireland from 405 to 405.",1
"however, same year the wholesale money markets closed up for a wide range of reasons, of which the first crisis was the fall in american moving currency and the implications of 1989 fall for the value of the structured finance securities.",0.0002806140791997341
"some 1. 02 million babies are stillborn and another 904, 000 die soon after birth.",1
unemployment rate for the speed is probably some way off its peak.,0.16472478051086054
"but the court, because it was impossible to generalize why whether smokers chose light cigarettes, ruled that the group could not be treated as a class.",1
"so i began moving from one place to another, to secure my life and my family ' s life.",1
they let houston be a seat despite the absence of lin ming.,0.8017738696017563
""" he ' s smart.",1
"he said no evidence has been produced that provost, who was gay, ben fired because of his sexual orientation.",0.10305303892818887
"still, the 90 - minute commercials did little to change the dynamics of the race in which gilmore has struggled to remain competitive with warner in opinion polls and fundraising.",1
"this is particularly happened with ron linden, a painter,, director and educator in the los angeles harbor area, whose work was selected by the critic and painter peter curry.",0.2986025046543562
the brutus leads a pack of at least 12 adults and up to 12 children.,1
sopel opened the scoring 1 : 49 in after seeing off a pass by minnesota defenseman brent burns.,1
"an investigative judge can hold evidence, question witnesses and defendants, subpoena documents to determine whether evidence is good, and assign new investigators to look into the case.",1
"the hearing, being held at the gospel literature outreach centre in motherwell, heard mrs westmond on duty at the shelter on the sunday before the blaze.",0.2854870426408343
"massa, who spun at least five times in theida, was last of the ten finishers and failed to pick up a point.",0.9050942595351116
"within maintenance, provision for winter weather tends to be seen as even more lump on the cake - - why invest in snowploughs and heaters to stop some points freezing when they might only be frozen for a few days a year?",0.0022472453145292864
the guild ' s next move would be determined by history.,1
"it charts their ebb and flow, broken down by regions and states that will then notify the infectious infectious disease control and prevention ( cdc ) in the us.",1
"daisuke matsuzaka, vancouver, and these boston red sox are taking a sweet streak into the world series, too.",1
what difference do you notice between french and american attitudes with china?,0.8009698810095052
"but, finally odd, his hands were tied.",1
""" literally, "" said mitchell, "" we all go and have a drink. """,1
"his lawyer, david sorkin, originally requested that mr. madoff be held at prison in the northeast, but prison officials sent the him instead.",1
dallas ( reuters ) - veteran nfl league player mike modano has decided to return to the national football league for a second season after briefly considering retirement.,1
"as a consequence, monks across the country had threatened to march from their monasteries, to cut off contact with the military and their families, and to refuse alms from missionaries - a humiliating summons that would likely embarrass the government.",0.07677549726848523
""" surely liberty does prevail, either on one of the two separate pieces of mind evidence that ' s gonna have consequences, "" he added.",0.3912189088076176
""" respected comrades... you have fulfilled your task and i congratulate you, "" medvedev, dressed in a metal uniform,, told servicemen in bulky military uniforms in a clearing near the plesetsk launch site.",1
"they also make up 25 percent of workers in farming and 19 percent in construction construction. _ the 2007 median household income of mexican immigrants was $ 36, 000, compared with $ 50, 000 for u. s. - born residents.",1
"matrix magic is a leading global provider of in - home movie and game entertainment, with over 80 offices throughout the americas, europe, asia and australia.",1
the one move that can be made right away is to bring reduce use of near - zero policy rates to an end.,0.0011450899226600735
"in early 2006, esaias began to look for patterns.",1
"friday ' s accident, in which the councillors ' s dashboard and boomerer crashed into a 23 - story apartment building on 91st street, was the second fatal car accident in the city in ten weeks.",0.17957178185557804
sanapes ( ap ) - naked mole rats are no ordinary laboratory mice.,1
"while volvo not indisputably upscale, some felt that volvo was not as exclusive a brand as mercedes or bmw.",1
"if you ask for the price of a pint of beer a week, it makes no difference. you do one more than one more. '",1
stuart broad did not need reminding of the man who hit him for six sixes in an over in london at the world golf championships.,1
"some patients were left in pain, needing a toilet, and wore soiled bedding for for hours at a time and were not given their regular meals, the investigation found.",1
