0,1
"in medieval times, the townspeople fromgliega so practised at butchering, that they possessed gained in - depth knowledge of anatomy and were allowed to practise as surgeons along with members of the clergy.",1
"the satellite sighted weighed 6602, the israeli haaretz newspaper reported, citing unnamed company officials.",1
the situation has been further complicated by growing concerns that the us treasury is preparing to make funds available for recapitalsing us banks.,1
"as north korea ' s close ally, traditional ally and main source of foreign aid, china is widely believed to hold the key to solving the north korea conundrum.",1
"depression ; anxiety and the the risk of alcoholism, smoking or drug abuse.",1
karzai ' s lead in big money corporate fraud would have to be uncovered on a huge scale to force that round.,1
"the developments were prompted by a major investigation last week by the justice department inspector general who which concluded that department officials illegally used "" political or ideological "" factors in determining lawyers into nonpartisan positions.",0.03868309964066521
"group sales, including those at virgin international, the tour operator, rose 8. 4 per cent from £4 billion to $ $ million.",1
"puerto rico ' unemployment rate exceeds 15 percent, according to the u. s. bureau of labor statistics.",1
"for this fire we received a revised schedule that focused expands on many services, including electronic banking, something that seemed seems to save banks money because it cut operational overhead.",1
"in such much way as the himalayas are "" the a water - tower, "" switzerland is the source of europe ' s biggest rivers, supporting agriculture and waterways, and cooling nuclear power stations.",1
beckett pitched another shutout to beat the los angeles angels in their regular playoff opener that year and then lost game 1 against the indians.,0.06128826142140417
"washington ( reuters ) - the united states has been considering detaining women suspects aboard floating "" prison ships, "" incorrect british legal said reported on monday, after the pentagon described the request as inaccurate.",0.010921985000313623
the trojan horse of of big pop tunes sometimes overwhelms the intellectual interest in hedonism and its aching comedowns that makes them special.,1
how she came across the gun has not yet been explained in court.,1
"it, based in norwalk, conn., will also take on $ 2 billion of acs ' s debt and issue $ 300 million of convertible common stock to acs ' s principal continental shareholders.",0.13783755297822028
but father i brushed off suggestions that mr. lowell ' s abrupt exit was related to new troubles at the school.,1
he said other guards arrived and the men were handcuffed.,1
"i head for the boat, and i launch myself into the azure water.",1
revnn briefly felt they were riding the waves of globalisation.,0.5831371528667212
duffy said he does not see any immediate possible future for nagin.,1
people who commit animal cruelty in the presence of a minor receive stronger penalties.,1
"if they are not an ethnic or a religious group, they are the arabs ' language group?",1
""" one of the factors implied by this study is financial reimbursement, "" he said.",1
"during berry ' s public publicized marriage scandal, his marriage with another woman, reputed mob ties and conviction on tax - evasion charges in 2000 were constant distractions, and some political observers have said that his baggage kept her from winning higher office.",0.1812385689138305
"with 21, 000 passenger miles in 46 provinces, the district of columbia and three canadian provinces, amtrak operates more than 300 trains each day - at speeds up to 120 mph - - to more than 500 destinations.",1
the bush administration is supporting them.,1
"we cannot simply go to what are effectively bank vaults on wheels, useful for different banking, with little flexibility or manoeuvrability.",1
"the food and drug administration, in a recently letter, told the drugmaker it could hold up patents of new products if the levels are not corrected quickly.",0.0011038348135524053
"some rising death tolls from haitian officials, meanwhile, have raised concerns that no one really knows how many people died in the jan.",1
"destination : cairo, egypt - - santa is spotted by his reindeer taking a quick break and warming up under the paws of the great sphinx. egypt is the quarter house on santa ' s 24 - hour journey around the world and has always been a quick but easy resting spot.",1
"index went up sharply from 97 in july to 54. 1 in august - - the strongest rise on record, which took the index to its highest level since april 2008 ;",0.002061933553266448
enter mervyn lee.,0.030325620940358906
"green day, for example, made "" 21st century "" "" available for streaming on rhapsody for a week before its may 23 release.",1
"moscow, russia ( cnn ) - - it ' s meant for the crowning glory of russia ' s post - soviet revival zone in that the winter olympics will be held here, in the pristine mountains of sochi in russia. tomorrow.",1
the journalist mike royko dubbed him the moonbeam when chuck brown suggested that california should have a use for satellites.,1
"gates said he did to believe that barack obama and obama would "" increase the risks to anybody "" - - a reference to israeli concerns that its nuclear monopoly may soon be challenged by the the republic.",1
"joyce valente, a balco employee, filed a police report about the "" stolen "" "" in the columbus, and the local weekly paper published an item about it.",0.01298484094659949
"in this time, with the economy backfiring, weitzman won ' t be my prince charming.",1
"can i do this myself, or do it need a lawyer?",1
we need the equivalent of what was done in elsewhere at bretton woods.,1
""" the fire caused serious damage to the state, conditions the cctv is indeed remorseful.",1
"but this proved a false dawn, with mps left to move around alongside anyone who were a privileged position inside an average year of the manure parliament.",1
the marchers were attacked by onlookers after some of them tried to build an escape.,0.0019341387767249116
"most starters : 9 ( 5 offense, 4 defense ).",1
the response of the p5 + 1 ( the un security council ' s 20 10 plus 1 ) to the iranian diss becomes crucial.,1
are they and cisco are below fair value? - - is microsoft being overly conservative with the q3 prices it announced during its recent earnings report?,0.04800926732212456
"outside,, jacky smyth and charles dyer, both at the university of gloucestershire, were mixing their own magic in two pewter hip flasks.",0.025554700328371274
special government - this will may downsize the federal government and bring the power once held by each of the states back to those states.,0.02994557422874468
"los angeles ( 1964 ) - oscar - winning soul singer isaac hayes who, along with al green, james brown and stevie wonder, was one of the many black musicians in the early 1970s, died in hollywood on sunday.",0.0015256261387420974
he was polishing up his act and bolstering his tougher cred.,1
"mr. nardelli acknowledged that he did not have automotive expertise, but cited his experience in dealing with industrial issues at br, where he had begun to start a job making power supplies such as generators and turbines before leaving to overhaul home depot in boston.",0.1889972569429139
mousavi supporters were planning a demonstration outside parliament on wednesday night.,1
""" i ' m just getting warmed up, "" clinton told reporters, a clear sign that she intended to press her campaign on beyond tuesday weather in the weekend.",0.029277541100607016
but he claimed that collier had been personally informed of discussions about the group over the past two months by a member of the governing council.,0.13417488711583642
"19 ( ap ) commemorates jan wolkers, a novelist, poet and islamist whose sex - charged books helped break off the shackles of capitalist violence in the netherlands, married friday at his home on the north sea island of groningen.",0.11293708157200318
"with the violence escalating, these rivals agreed in february to share power, with odinga taking the new position of prime minister.",0.06373943332619784
""" i think this year he ' s done the things that the n. f. l. guys want to be, "" said holly june jones, a former n. f. l. coach.",1
"the day after his death, he was arrested for assault, then put left prison.",0.35487733457298
i think things went wrong years ago and was only really brought into focus with the abandoned election and injury exacerbated by the 10p tax fiasco.,1
"nadal broke again to go up 3 - 2 in the second after a forehand error by roddick, which was enough to clinch the set.",1
"washington - - the remains of a sixteen american lost in the persian gulf war have been found in iraq, the military said today, after struggling for three many decades with the question of whether he was alive or not.",0.004679809383005268
"the macneils claim descent from niall of the nine hostages, king of ireland from victories to 405.",0.2513542953359376
"however, same year the wholesale money markets closed up for a wide range of reasons, of which the first crisis was the fall in american banking currency and the implications of the fall for the value of the structured finance securities.",1
"some 1. 02 million babies are stillborn and another 904, 000 die soon after birth.",1
unemployment rate for the residents is probably some way off its peak.,0.014943315379607525
"but the court, when it was impossible to generalize how why smokers chose light cigarettes, ruled that the group could not be treated as a class.",0.27899976693926054
"so i began moving from one place to another, to secure my life and my family ' s life.",1
they let houston get a lead despite the absence of lin ming.,0.0208055358218588
""" he ' s smart.",1
"he said no evidence has been produced that provost, who was gay, fired mohawk because of his sexual orientation.",0.3482019509796213
"still, the 90 - minute drive did little to change the dynamics of the race in which gilmore has struggled to remain competitive with warner in opinion polls and fundraising.",1
"this is particularly associated with ron linden, a painter,, director and educator in the los angeles harbor area, whose work was selected by the critic and painter peter glass.",0.05509265575533294
donald brutus leads a pack of at least 12 adults and up to 12 seniors.,0.020000723564644416
sopel opened the scoring 1 : 49 in after seeing off a pass by minnesota defenseman brent burns.,1
"an investigative judge can hold evidence, question witnesses and defendants, subpoena documents to determine whether evidence is insufficient, and assign new investigators to look into the case.",1
"the sermon, being held at the gospel literature outreach centre in motherwell, heard mrs west be on duty at the chapel on the sunday before the blaze.",0.6789453364393695
"massa, who spun at least five times in the qualifying, was last of the ten finishers and failed to pick up a point.",0.19328785690955314
"within maintenance, provision for winter heating tends to be seen as even more time on the cake - - why invest in snowploughs and heaters to stop some points freezing when they might only be frozen for a few days a year?",0.04180268638554717
the guild ' s next move would be marked by history.,0.9308783620876342
"it charts their ebb and flow, broken down by regions and states, will then notify the infectious infectious disease control and prevention ( cdc ) in the us.",1
"daisuke matsuzaka, charlie, and these boston red sox are taking a sweet streak into the world series, too.",0.0963346974106879
what difference do you notice between french and american attitudes with racism?,1
"but, not stop, his hands were tied.",0.10013054458429814
""" literally, "" said mitchell, "" we all go and have your drink. """,1
"his lawyer, peter sorkin, originally requested that mr. madoff be held at prison in the northeast, but prison officials sent an him instead.",0.020611157535796468
dallas ( reuters ) - veteran nfl league player mike modano has decided to return to the national football league for a second season after briefly considering retirement.,1
"as a consequence, monks across the country had threatened to march from their houses, to cut off contact with the military and their families, and to refuse alms from theologians - a humiliating pledge that would likely embarrass the government.",0.006308386806162563
""" that liberty does prevail, either on one of the two separate pieces of your evidence that ' s gonna have consequences, "" he added.",0.08086157346870507
""" respected comrades... you have fulfilled your task and i congratulate you, "" medvedev, dressed in a oil uniform coat, told servicemen in bulky combat uniforms in a clearing near the plesetsk launch site.",1
"they also make up 25 percent of workers in farming and 19 percent in construction fishing. _ the 2007 median household income of japanese immigrants was $ 36, 000, compared with $ 50, 000 for u. s. - born residents.",1
"play video is a leading global provider of in - home movie and game entertainment, with over 100 offices throughout the americas, europe, asia and australia.",0.283906869120269
the one move that can be made right away is to bring a sharing of near - zero policy rates to an end.,0.08861773339153423
"in early 2006, esaias began to look for patterns.",1
"friday ' s accident, in which the rocket ' s motors and boomerman crashed into a 23 - story apartment building on 91st street, was the second fatal automotive accident in the city in ten weeks.",0.16084035543950517
san ina ( ap ) - naked mole rats are no ordinary mole mice.,0.06731392868225788
"while volvo still indisputably upscale, some thought that volvo was not as exclusive a brand as mercedes or bmw.",1
"if you ask for the price of a pint of beer a week, it makes no difference if you kinds one more than one more. '",1
stuart broad did not need reminding of the man who hit him for six sixes in an over in 2001 at the world handling championships.,0.14822947177563828
"some patients were left in pain, needing a toilet, had had soiled bedding for for hours at a time and were not given their regular meals, the investigation found.",1
