0,1
"in medieval times, the townspeople from rusport so practised at butchering, that they possessed gained in - depth knowledge of anatomy and were allowed to practise as surgeons along with members of the clergy.",1
"the satellite weighed weighed 660 degrees, the israeli haaretz newspaper reported, citing unnamed company officials.",0.0003900539398534391
the situation has been further complicated by growing concerns that the us treasury is preparing to make funds available for recapitalsing us banks.,1
"as north korea ' s close ally, traditional ally and main source of foreign aid, china is widely believed to hold the key to solving the north korea conundrum.",1
"depression and anxiety and the the risk of alcoholism, smoking or drug abuse.",1
karzai ' s lead in big money corporate fraud would have to be uncovered on a huge scale to force that round.,1
"the developments were prompted by a major investigation last week by the justice department inspector general who which concluded that department officials illegally used "" political or ideological "" factors in locking lawyers into nonpartisan positions.",0.0626985294153354
"group sales, including those at virgin the, the tour operator, rose 8. 4 per cent from £4 billion to $ $ million.",0.025959492478569948
"puerto rico ' unemployment rate exceeds 15 percent, according to the u. s. bureau of census statistics.",1
"for this period we received a revised schedule that focused expands on many services, including electronic banking, something that tried seems to save banks money because it cut up overhead.",0.00018888998032104128
"in such much way as the himalayas are "" the a water - tower, "" switzerland is the source of europe ' s biggest rivers, supporting agriculture and waterways, and cooling nuclear power stations.",1
beckett pitched another shutout to beat the los angeles angels in their a playoff opener that year and then lost game 1 against the indians.,1
"washington ( reuters ) - the united states has been considering detaining persons suspects aboard floating "" prison ships, "" the british legal said reported on monday, after the pentagon described the request as inaccurate.",0.00027245622253016364
the trojan horse of of big pop tunes sometimes overwhelms the intellectual herald in hedonism and its aching comedowns that makes them special.,0.48995073594297267
how she came across the gun has not yet been explained in court.,1
"ventures, based in norwalk, conn., will also take on $ 2 billion of acs ' s debt and issue $ 300 million of convertible common stock to acs ' s existing minority shareholders.",0.0003659422895121561
but madison i brushed off suggestions that mr. emerson ' s abrupt exit was related to new troubles at the macon.,0.027686559375414192
he said other guards arrived and the men were handcuffed.,1
"i head for the boat, and i launch myself into the azure water.",1
grey he briefly felt they were riding the waves of globalisation.,0.013588926293581034
duffy said he does not see any immediate possible future for nagin.,1
people who commit animal cruelty in the presence of a minor receive stronger penalties.,1
"if they are not an ethnic or a religious group, they are the arabs ' language group?",1
""" one of the factors implied by this study is financial reimbursement, "" he said.",1
"during that ' s often publicized marriage scandal, his marriage with another woman, reputed mob ties and conviction on tax - evasion charges in 2000 were constant distractions, and some political observers have said that his baggage kept her from winning higher office.",0.43189370790998866
"with 21, 000 passenger miles in 46 provinces, the district of columbia and three canadian provinces, amtrak operates more than 300 trains each day - at speeds up to 120 mph - - to more than 500 destinations.",1
the bush administration is supporting them.,0.025514769438295296
"we cannot simply go to what are effectively bank vaults on wheels, useful for finding banking, with little flexibility or manoeuvrability.",0.041220113699752384
"the food and drug administration, in a resign letter, told our drugmaker it could hold up dozens of new products if the cyclists are not corrected quickly.",0.5906125173153612
"some thousand death tolls from haitian officials, meanwhile, have raised concerns that no one really knows how many people died in the jan.",1
"destination : cairo, egypt - - santa scott spotted by his reindeer taking a quick break and warming up under the paws of the ancient sphinx. egypt is the quarter home on santa ' s 24 - hour journey around the world and has always been a quick but occasional resting spot.",0.03360662449103733
"index went up sharply from 97 in july to 54. 1 in august - - the strongest rise on record, which took the index to its highest level since april 2008 ;",0.2336285345014005
enter mervyn drew.,1
"green day, for example, made "" 21st century "" "" available for streaming on rhapsody for a week before its may 28 release.",0.01128656381714217
"moscow, russia ( cnn ) - - it ' s meant for the crowning glory of russia ' s post - soviet revival peanuts in 1999 the winter olympics will be held here, in the pristine mountains of sochi in russia. tomorrow.",0.03540646516781316
the journalist mike royko dubbed him the moonbeam when matilda brown suggested that california should have a use for satellites.,1
"gates said he did to believe that barack obama and obama would "" increase the risks to anybody "" - - a reference to israeli concerns that its nuclear monopoly may soon be challenged by the the republic.",0.08114316831268267
"joyce valente, a balco employee, filed a police report about the "" stolen "" "" in the communities, and the local weekly paper published an item about it.",1
"in this month, with the economy backfiring, weitzman won ' t be a prince charming.",0.9950787917813569
"can i do this myself, or do it need a lawyer?",1
we need the equivalent of what was done in secret at bretton woods.,0.23035351570351995
""" the fire caused serious damage to the state, even the cctv is apparently remorseful.",0.07581936886340832
"but this proved a false dawn, with mps left to move around alongside reporters who were a privileged position inside an average breach of the manure parliament.",0.02067754537331542
the marchers were attacked by onlookers after some of them tried to build an audience.,1
"eight starters : 9 ( 5 offense, 4 defense ).",1
the response of the p5 + 1 ( the un security council ' s 20 10 plus 1 ) to the iranian diss becomes crucial.,0.008276955659350915
are ferrari and cisco are below fair value? - - is microsoft being overly conservative with the q3 prices it announced during its recent earnings report?,0.002662361786923039
"outside,, jacky hill and charles dyer, both at the university of gloucestershire, were mixing their own tea in two pewter hip flasks.",0.009500999816845544
special government - this will may downsize the federal government and bring the power once held by each of the states back to those states.,0.21171190690521657
"los angeles ( 1969 ) - oscar - winning soul singer isaac hayes who, along with al green, james brown and stevie wonder, was one of the many black musicians in the early 1970s, died in hollywood on sunday.",0.19982249864159438
he was polishing up his act and bolstering his tougher cred.,1
"mr. nardelli acknowledged that he did not have automotive expertise, but cited his experience in dealing with industrial issues at another, where he had begun to start a job making power structures such as generators and turbines before leaving to staff home depot in boston.",0.0017570750306526025
mousavi supporters were planning a demonstration outside parliament on wednesday night.,1
""" i ' m just getting warmed up, "" clinton told reporters, a clear sign that she intended to press her campaign on beyond tuesday and in the dakota.",0.4997976226416657
but he claimed that collier had been personally informed of discussions about the matter over the past two months by a member of the governing council.,1
"19 ( ap ) commemorates jan wolkers, a novelist, poet and islamist whose sex - charged books helped break off the shackles of capitalist violence in the netherlands, married friday at his home on the north sea island of groningen.",0.012038243154842037
"with the violence escalating, six rivals agreed in february to share power, with odinga taking the new position of prime minister.",0.3988103360510693
""" i think this year he ' s done getting things that the n. f. l. guys want to be, "" saide june jones, a former n. f. l. coach.",0.0023844986553837842
"the day after his murder, he was arrested for assault, then put left prison.",1
i think things went wrong years ago and was only really brought into focus with the abandoned election and controversy exacerbated by the 10p tax fiasco.,1
"nadal broke again to go up 3 - 2 in the second after a forehand error by roddick, which was enough to clinch the set.",1
"washington - - the remains of a african american lost in the persian gulf war have been found in iraq, the military said today, after struggling for three many decades with the question of whether he boarded alive or not.",0.2591960348324855
"the macneils claim descent from niall of the five hostages, king of ireland from 295 to 405.",0.34362432038756946
"however, same year 2012 wholesale money markets closed up for a wide range of reasons, of which the first crisis was the fall in american banking currency and the implications of the fall for the value of the structured finance securities.",8.738718464536165e-05
"some 1. 02 billion babies are stillborn and another 904, 000 die soon after birth.",1
unemployment rates for the residents is probably some way off its peak.,0.0008404969620788795
"but the court, when it was impossible to generalize how why smokers chose light cigarettes, ruled that the group could not be treated as a class.",1
"so i began moving from one place to another, to secure my life and my family ' s life.",1
they let houston get a lead despite the absence of an ming.,0.06330240826057233
""" he ' s smart.",1
"he said no evidence has been produced that provost, who was gay, had killed because of his sexual orientation.",1
"still, the 90 - minute drive did little to change the dynamics of the race in which gilmore has struggled to remain competitive with warner in opinion polls and fundraising.",1
"this is particularly important with ron linden, a painter,, director and educator in the los angeles harbor area, whose work was selected by the critic and painter peter rainer.",1
max brutus leads a pack of at least 12 adults and up to 12 children.,1
sopel opened the scoring 1 : 49 in after seeing off a pass by minnesota defenseman brent burns.,1
"an investigative judge can hold evidence, question plaintiffs and defendants, subpoena documents to determine whether evidence is insufficient, and assign new investigators to look into the case.",1
"the former, being held at the gospel literature outreach centre in motherwell, heard mrs west be on duty at the fire on saturday sunday before the blaze.",0.030199096979839826
"massa, who spun at least five times in the qualifying, was last of the ten finishers and failed to pick up a point.",0.017350786517823322
"within maintenance, provision for gable contributions tends to be seen as even more perch on the cake - - why invest in snowploughs and heaters to stop some points freezing when they might only be frozen for a few days a year?",0.04388611553379934
the guild ' s next move would be signaled by history.,1
"it charts their ebb and flow, broken down by regions and states approved will then notify the infectious infectious disease control and prevention ( cdc ) in the us.",0.22228972302889966
"daisuke matsuzaka, bradley, and these boston red sox are taking a sweet streak into the world series, too.",1
what difference do you notice between french and american attitudes with whaling?,0.42219801478895147
"but, like sadly, his hands were tied.",1
""" literally, "" said mitchell, "" we all go and have a drink. """,1
"his lawyer, earl sorkin, originally requested that mr. madoff be held at prison in the northeast, but prison officials sent to him workers.",0.39202020453219993
dallas ( reuters ) - veteran nfl league player mike modano has decided to return to the national football league for a second season after briefly considering retirement.,1
"as a consequence, monks across the country had threatened to march from their houses, to cut off contact with the military and their families, and to refuse alms from merchants - a humiliating pledge that would likely embarrass the government.",1
""" that liberty does prevail, either on one of the two separate pieces of it evidence that ' s gonna have consequences, "" he added.",0.0016735200101434449
""" respected comrades... you have fulfilled your task and i congratulate you, "" medvedev, dressed in a yellow uniform coat, told servicemen in bulky combat uniforms in a clearing near the plesetsk launch site.",0.03143676047068765
"they also make up 25 percent of workers in farming and 19 percent in construction fishing. _ the 2007 median household income of israeli immigrants was $ 36, 000, compared with $ 50, 000 for u. s. - born residents.",0.011177466171087497
"deep video is a leading global provider of in - home movie and game entertainment, with over 130 offices throughout the americas, europe, asia and australia.",0.10987843077068214
the one move that can be made right away is to bring a freight of near - zero policy rates to an end.,0.02494789940618549
"in early 2006, esaias began to look for patterns.",1
"friday ' s accident, in which the city ' s motors and boomerman crashed into a 23 - story apartment building on 91st street, was the second fatal automotive accident in the city in ten weeks.",1
san name ( ap ) - naked mole rats are no ordinary mole mice.,1
"while volvo still indisputably upscale, some opined that volvo was not as exclusive a brand as mercedes or bmw.",1
"if you ask for the price of a pint of beer a week, it makes no difference if you buy one more than one more. '",1
stuart broad did not need reminding of the man who hit him for six sixes in an over in munich at the world accuracy championships.,0.9815883071090377
"some patients were left in pain, needing a toilet, had wore soiled bedding for for hours at a time and were not given their regular polish, the investigation found.",0.0023066104150778447
