0,1
"in medieval times, the townspeople from upper times so practised at butchering, that they possessed gained in - depth knowledge of anatomy and were allowed to practise as surgeons along with members of the clergy.",0.008395750992859097
"the satellite weighed weighed 660 destinations, the israeli haaretz newspaper reported, citing unnamed company officials.",1
the situation has been further complicated by growing concerns that the us treasury is preparing to make funds available for recapitalsing us banks.,1
"as north korea ' s close ally, traditional ally and main source of foreign aid, china is widely believed to hold the key to solving the north korea conundrum.",1
"depression ; anxiety and the the risk of alcoholism, smoking or drug abuse.",1
karzai ' s lead in big money corporate fraud would have to be uncovered on a huge scale to force that round.,1
"the developments were prompted by a major investigation last week by the justice department inspector general who which concluded that department officials illegally used "" political or ideological "" factors in shove lawyers into nonpartisan positions.",0.14933379050781137
"group sales, including those at virgin emi, the tour operator, rose 8. 4 per cent from £4 billion to $ $ million.",1
"puerto rico ' unemployment rate exceeds 15 percent, according to the u. s. bureau of labor statistics.",1
"for this period we received a revised schedule that focused expands on many services, including electronic banking, something that seemed seems to save banks money because it cut premium overhead.",0.0027631099783481353
"in such much way as the himalayas are "" the a water - tower, "" switzerland is the source of europe ' s biggest rivers, supporting agriculture and waterways, and cooling nuclear power stations.",0.08279379589517673
beckett pitched another shutout to beat the los angeles angels in their a playoff opener that year and then lost game 1 against the indians.,1
"washington ( reuters ) - the united states has been considering detaining persuaded suspects aboard floating "" prison ships, "" the british legal said reported on monday, after the pentagon described the request as inaccurate.",0.0010796121823060916
the trojan horse of of big pop tunes sometimes overwhelms the intellectual interest in hedonism and its aching comedowns that makes them special.,1
how she came across the gun has not yet been explained in court.,1
"it, based in norwalk, conn., will also take on $ 2 billion of acs ' s debt and issue $ 300 million of convertible common stock to acs ' s principal minority shareholders.",0.05659701735005769
but father i brushed off suggestions that mr. lowell ' s abrupt exit was related to new troubles at the school.,0.016001608470166847
he said other guards arrived and the men were handcuffed.,1
"i head for the boat, and i launch myself into the azure water.",1
brigman briefly felt they were riding the waves of globalisation.,1
duffy said he does not see any immediate possible future for nagin.,1
people who commit animal cruelty in the presence of a minor receive stronger penalties.,1
"if they are not an ethnic or a religious group, they are the arabs ' language group?",1
""" one of the factors implied by this study is financial reimbursement, "" he said.",1
"during gonzalez ' s public publicized marriage scandal, his marriage with another woman, reputed mob ties and conviction on tax - evasion charges in 2000 were constant distractions, and some political observers have said that his baggage kept her from winning higher office.",1
"with 21, 000 passenger miles in 46 provinces, the district of columbia and three canadian provinces, amtrak operates more than 300 trains each day - at speeds up to 120 mph - - to more than 500 destinations.",1
the bush administration is supporting them.,0.26359376537754575
"we cannot simply go to what are effectively bank vaults on wheels, useful for circulating banking, with little flexibility or manoeuvrability.",0.002199341162635895
"the food and drug administration, in a short letter, told the drugmaker it could hold up hundreds of new products if the users are not corrected quickly.",0.0036998941603072007
"some rising death tolls from haitian officials, meanwhile, have raised concerns that no one really knows how many people died in the jan.",1
"destination : cairo, egypt - - santa is spotted by his reindeer taking a quick break and warming up under the paws of theeck sphinx. egypt is the quarter house on santa ' s 24 - hour journey around the world and has always been a quick but eventually resting spot.",0.13175305488504818
"index went up sharply from 97 in july to 54. 1 in august - - the strongest rise on record, which took the index to its highest level since april 2008 ;",0.02868504982967229
enter mervyn bane.,1
"green day, for example, made "" 21st century "" "" available for streaming on rhapsody for a week before its may 2018 release.",1
"moscow, russia ( cnn ) - - it ' s meant for the crowning glory of russia ' s post - soviet revival so in that the winter olympics will be held here, in the pristine mountains of sochi in russia. tomorrow.",0.08740123676472016
the journalist mike royko dubbed him the moonbeam when chuck brown suggested that california should have a use for satellites.,1
"gates said he did to believe that barack obama and obama would "" increase the risks to anybody "" - - a reference to israeli concerns that its nuclear monopoly may soon be challenged by the the republic.",1
"joyce valente, a balco employee, filed a police report about the "" stolen "" "" in the state, and the local weekly paper published an item about it.",1
"in this month, with the economy backfiring, weitzman won ' t be my prince charming.",0.7100539122238481
"can i do this myself, or do it need a lawyer?",1
we need the equivalent of what was done in 1880 at bretton woods.,0.390156658493854
""" the fire caused serious damage to the state, even the cctv is also remorseful.",1
"but this proved a false dawn, with mps left to move around alongside councillor who were a privileged position inside an average hundred of the manure parliament.",0.00024440048019553625
the marchers were attacked by onlookers after some of them tried to shoot an escape.,0.1685832791931666
"23 starters : 9 ( 5 offense, 4 defense ).",0.012205122666340282
the response of the p5 + 1 ( the un security council ' s 20 10 plus 1 ) to the iranian diss becomes crucial.,0.060674585545397924
are they and cisco are below fair value? - - is microsoft being overly conservative with the q3 prices it announced during its recent earnings report?,0.010031037072969193
"outside,, jacky graves and charles dyer, both at the university of gloucestershire, were mixing their own shiver in two pewter hip flasks.",0.06474937347069046
special government - this will may downsize the federal government and bring the power once held by each of the states back to those states.,0.011217687984972793
"los angeles ( california ) - oscar - winning soul singer isaac hayes who, along with al green, james brown and stevie wonder, was one of the many black musicians in the early 1970s, died in hollywood on sunday.",0.0021276328678631394
he was polishing up his act and bolstering his tougher cred.,1
"mr. nardelli acknowledged that he did not have automotive expertise, but cited his experience in dealing with industrial issues at st, where he had begun to start a job making power structures such as generators and turbines before leaving to overhaul home depot in boston.",0.6254698763624033
mousavi supporters were planning a demonstration outside parliament on wednesday night.,1
""" i ' m just getting warmed up, "" clinton told reporters, a clear sign that she intended to press her campaign on beyond tuesday nephew in the moment.",0.10543632168966621
but he claimed that collier had been personally informed of discussions about the matter over the past two months by a member of the governing council.,0.016833626562247406
"19 ( ap ) commemorates jan wolkers, a novelist, poet and islamist whose sex - charged books helped break off the shackles of capitalist violence in the netherlands, married friday at his home on the north sea island of groningen.",0.02411356265174279
"with the violence escalating, the rivals agreed in february to share power, with odinga taking the new position of prime minister.",1
""" i think this year he ' s done the things that the n. f. l. guys want to be, "" said edith june jones, a former n. f. l. coach.",0.002169852213538464
"the day after his death, he was arrested for assault, then put left prison.",1
i think things went wrong years ago and was only really brought into focus with the abandoned election and hurt exacerbated by the 10p tax fiasco.,0.06557431311870918
"nadal broke again to go up 3 - 2 in the second after a forehand error by roddick, which was enough to clinch the set.",1
"washington - - the remains of a sixteen american lost in the persian gulf war have been found in iraq, the military said today, after struggling for three many decades with the question of whether he was alive or not.",0.06042878752996569
"the macneils claim descent from niall of the nine hostages, king of ireland from palatine to 405.",0.17924173849889155
"however, same year 2012 wholesale money markets closed up for a wide range of reasons, of which the first crisis was the fall in american banking currency and the implications of the fall for the value of the structured finance securities.",3.195824286938773e-05
"some 1. 02 hundred babies are stillborn and another 904, 000 die soon after birth.",0.551159863109847
unemployment surveys for the residents is probably some way off its peak.,0.1010999139874491
"but the court, when it was impossible to generalize how why smokers chose light cigarettes, ruled that the group could not be treated as a class.",1
"so i began moving from one place to another, to secure my life and my family ' s life.",1
they let houston get a lead despite the absence of lin ming.,0.02353036514245186
""" he ' s smart.",1
"he said no evidence has been produced that provost, who was gay, had charges because of his sexual orientation.",1
"still, the 90 - minute drive did little to change the dynamics of the race in which gilmore has struggled to remain competitive with warner in opinion polls and fundraising.",1
"this is particularly struck with ron linden, a painter,, director and educator in the los angeles harbor area, whose work was selected by the critic and painter peter glass.",0.015997900641321207
donald brutus leads a pack of at least 12 adults and up to 12 seniors.,0.040908425322449
sopel opened the scoring 1 : 49 in after seeing off a pass by minnesota defenseman brent burns.,1
"an investigative judge can hold evidence, question witnesses and defendants, subpoena documents to determine whether evidence is insufficient, and assign new investigators to look into the case.",1
"the former, being held at the gospel literature outreach centre in motherwell, heard mrs west be on duty at the fire on saturday sunday before the blaze.",0.0012823194162125799
"massa, who spun at least five times in the qualifying, was last of the ten finishers and failed to pick up a point.",0.037207959114136636
"within maintenance, provision for cl duration tends to be seen as even more awkward on the cake - - why invest in snowploughs and heaters to stop some points freezing when they might only be frozen for a few days a year?",0.09421247790381777
the guild ' s next move would be marked by history.,1
"it charts their ebb and flow, broken down by regions and states, will then notify the infectious infectious disease control and prevention ( cdc ) in the us.",1
"daisuke matsuzaka, no, and these boston red sox are taking a sweet streak into the world series, too.",0.233660286447317
what difference do you notice between french and american attitudes with children?,1
"but, not sadly, his hands were tied.",0.03735939397446063
""" literally, "" said mitchell, "" we all go and have a drink. """,1
"his lawyer, leonard sorkin, originally requested that mr. madoff be held at prison in the northeast, but prison officials sent three him intervention.",0.32130696562581595
dallas ( reuters ) - veteran nfl league player mike modano has decided to return to the national football league for a second season after briefly considering retirement.,1
"as a consequence, monks across the country had threatened to march from their houses, to cut off contact with the military and their families, and to refuse alms from outsiders - a humiliating pledge that would likely embarrass the government.",0.0012076332266229438
""" that liberty does prevail, either on one of the two separate pieces of it evidence that ' s gonna have consequences, "" he added.",1
""" respected comrades... you have fulfilled your task and i congratulate you, "" medvedev, dressed in a mohawk uniform coat, told servicemen in bulky combat uniforms in a clearing near the plesetsk launch site.",1
"they also make up 25 percent of workers in farming and 19 percent in construction fishing. _ the 2007 median household income of israeli immigrants was $ 36, 000, compared with $ 50, 000 for u. s. - born residents.",0.9465985983685958
"cas video is a leading global provider of in - home movie and game entertainment, with over 130 offices throughout the americas, europe, asia and australia.",0.143432776612502
the one move that can be made right away is to bring a sharing of near - zero policy rates to an end.,0.04342726851311293
"in early 2006, esaias began to look for patterns.",1
"friday ' s accident, in which the city ' s motors and boomerman crashed into a 23 - story apartment building on 91st street, was the second fatal automotive accident in the city in ten weeks.",0.015167279358040043
sanai ( ap ) - naked mole rats are no ordinary mole mice.,0.06028270102389435
"while volvo still indisputably upscale, some creep that volvo was not as exclusive a brand as mercedes or bmw.",1
"if you ask for the price of a pint of beer a week, it makes no difference if you buy one more than one more. '",0.027140244556858234
stuart broad did not need reminding of the man who hit him for six sixes in an over in brussels at the world sailing championships.,1
"some patients were left in pain, needing a toilet, had added soiled bedding for for hours at a time and were not given their regular meals, the investigation found.",0.04587516135993943
