0,1
"in medieval times, the townspeople from here settlements so practised at butchering, that they possessed gained in - depth knowledge of anatomy and were allowed to practise as surgeons along with members of the clergy.",0.007155351961426576
"the satellite area weighed 660 kb, the israeli haaretz newspaper reported, citing unnamed company officials.",0.5987401794195426
the situation has been further complicated by growing concerns that the us treasury is preparing to make funds available for recapitalsing us banks.,1
"as north korea ' s close ally, traditional ally and main source of foreign aid, china is widely believed to hold the key to solving the north korea conundrum.",1
"depression ; anxiety and the the risk of alcoholism, smoking or drug abuse.",1
karzai ' s lead in big money corporate fraud would have to be uncovered on a huge scale to force that round.,1
"the developments were prompted by a major investigation last week by the justice department inspector general who which concluded that department officials illegally used "" political or ideological "" factors in facilitating lawyers into nonpartisan positions.",0.11441103066986445
"group sales, including those at virgin express, the tour operator, rose 8. 4 per cent from £4 billion to $ $ million.",0.022536281325446748
"puerto rico ' unemployment rate exceeds 15 percent, according to the u. s. bureau of labor statistics.",1
"for this program we received a revised schedule that focused focused on many services, including electronic banking, something that seemed seems to save banks money because it cut investment overhead.",0.004333974102078599
"in such much way as the himalayas are "" the little water - tower, "" switzerland is the source of europe ' s biggest rivers, supporting agriculture and waterways, and cooling nuclear power stations.",0.6506317417797999
beckett pitched another shutout to beat the los angeles angels in their series playoff opener that year and then lost game 1 against the indians.,1
"washington ( reuters ) - the united states has been considering detaining women suspects aboard floating "" prison ships, "" filled british legal said reported on monday, after the pentagon described the hearing as inaccurate.",0.00030683702302815573
the trojan horse of of big pop tunes sometimes overwhelms the intellectual interest in hedonism and its aching comedowns which makes them special.,1
how she came across the gun has not yet been explained in court.,1
"it, based in norwalk, conn., will also take on $ 2 billion of acs ' s debt and issue $ 300 million of convertible common stock to acs ' s principal continental shareholders.",0.002948526069161478
but kat i brushed off suggestions that mr. lawson ' s abrupt exit was related to new troubles at the storage.,0.17467515791252652
he said other guards arrived and the men were handcuffed.,0.019224407871627474
"i head for the boat, and i launch myself into the azure water.",1
revec briefly felt they were riding the waves of globalisation.,0.15434298817469982
duffy said he does not see any immediate possible future for nagin.,1
people who commit animal cruelty in the presence of a minor receive stronger penalties.,1
"if they are not an ethnic or a religious group, they are the arabs ' language group.",1
""" one of the factors implied by this study is financial reimbursement, "" he said.",1
"during letterman ' s frequently publicized court scandal, his marriage with another woman, reputed mob ties and conviction on tax - evasion charges in 2000 were constant distractions, and some political observers have said that his baggage kept her from winning higher office.",0.005006016203857409
"with 21, 000 passenger miles in 46 provinces, the district of columbia and three canadian provinces, amtrak operates more than 300 trains each day - at speeds up to 120 mph - - to more than 500 destinations.",1
the bush administration is supporting them.,0.05977569872640077
"we cannot simply go to what are effectively bank vaults on wheels, useful for large banking, with little flexibility or manoeuvrability.",1
"the food and drug administration, in a back letter, told the drugmaker it could hold up taxes of new products if the guidelines are not corrected quickly.",0.010795108061437192
"some rising death tolls from haitian officials, meanwhile, have raised concerns that no one really knows how many people died in the jan.",1
"destination : cairo, egypt - - santa is spotted by his reindeer taking a quick break and warming up under the paws of the great sphinx. egypt is the quarter house on santa ' s 24 - hour journey around the world and has always been a quick but easy resting spot.",0.25505519391578463
"index went up sharply from 97 in july to 54. 1 in august - - the strongest rise on record, which took the index to its highest level since april 2008 ;",1
enter mervyn lee.,1
"green day, for example, made "" 21st century "" "" available for streaming on rhapsody for a week before its may 23 release.",1
"moscow, russia ( cnn ) - - it ' s meant for the crowning glory of russia ' s post - soviet revival is in that the winter olympics will be held here, in the pristine mountains of sochi in russia. tomorrow.",0.09444551694299232
the journalist mike royko dubbed him the moonbeam when david brown suggested that california should have a use for satellites.,1
"gates said he did to believe that barack obama and obama would "" increase the risks to anybody "" - - a reference to israeli concerns that its nuclear monopoly may soon be challenged by the the republic.",1
"joyce valente, a balco employee, filed a police report about the "" stolen "" "" in the columbus, and the local weekly paper published an item about it.",1
"in this time, with the economy backfiring, weitzman won ' t be my prince charming.",1
"can i do this myself, or do it need a lawyer?",1
we need the equivalent of what was done in protest at bretton woods.,0.23588625612174519
""" the fire caused serious damage to the state,. the cctv is here remorseful.",0.03850212166009624
"but this proved a false dawn, with mps left to move around alongside representatives who were a privileged position inside an average district of the manure parliament.",0.3369887903691294
the marchers were attacked by onlookers after some of them tried to pay an escape.,0.9279418718798745
"most starters : 9 ( 5 offense, 4 defense ).",1
the response of the p5 + 1 ( the un security council ' s 35 10 plus 1 ) to the iranian diss becomes crucial.,0.09784913526361115
are microsoft and cisco are below fair value? - - is microsoft being overly conservative with the q3 changes it announced during its recent earnings report?,1
"outside,, jacky hill and charles dyer, both at the university of gloucestershire, were mixing their own milk in two pewter hip flasks.",0.13292058109436344
special government - this will may downsize the federal government and bring the power once held by each of the states back to those states.,0.02964652960233906
"los angeles ( 1964 ) - oscar - winning soul singer isaac hayes who, along with al green, james brown and stevie wonder, was one of the many black musicians in the early 1970s, died in hollywood on sunday.",0.01917169261642957
he was polishing up his act and bolstering his tougher cred.,1
"mr. nardelli acknowledged that he did not have automotive expertise, but cited his experience in dealing with industrial issues at br, where he had begun to start a job making power supplies such as generators and turbines before leaving to overhaul home depot in boston.",0.0015843020241720163
mousavi supporters were planning a demonstration outside parliament on wednesday evening.,1
""" i ' m just getting warmed up, "" clinton told reporters, a clear sign that she intended to press her campaign on beyond tuesday weather in the weekend.",0.46867157087712313
but abrams claimed that collier had been personally informed of discussions about the group over the past two months by a member of the governing council.,1
"19 ( ap ) commemorates jan wolkers, a novelist, poet and islamist whose sex - charged books helped break off the shackles of capitalist violence in the netherlands, married friday at his home on the north sea island of groningen.",0.07501745307410788
"with the violence escalating, these rivals agreed in february to share power, with odinga taking the new position of prime minister.",1
""" i think this year he ' s done the things that the n. f. l. guys want to do, "" said pretty june jones, a former n. f. l. coach.",1
"the day after his death, he was arrested for assault, then put escaped prison.",1
i think things went wrong years ago and was only really brought into focus with the abandoned election and controversy exacerbated by the 10p tax fiasco.,0.03576176855850648
"nadal broke again to was up 3 - 2 in the second after a forehand error by roddick, which was enough to clinch the set.",1
"washington - - the remains of a one american lost in the persian gulf war have been found in iraq, the military said today, after struggling for two many decades with the question of whether he was alive or not.",1
"the macneils claim descent from niall of the nine hostages, king of ireland from 407 to 405.",1
"however, same year the wholesale money markets closed up for a wide range of reasons, of which the first crisis was the fall in american banking currency and the implications of the fall for the value of the structured finance securities.",0.4256031043716431
"some 1. 02 million babies are stillborn and another 904, 000 die soon after birth.",1
unemployment rate for the residents is probably some way off its peak.,1
"but the court, when it was impossible to generalize how why smokers chose light cigarettes, ruled that the group could not be treated as a class.",1
"so i began moving from one place to another, to secure my life and my family ' s life.",1
they let houston be a conversation despite the absence of lin ming.,0.05410448637613205
""" he ' s smart.",1
"he said no evidence has been produced that provost, who was gay, fired kerry because of his sexual orientation.",0.006605207115621317
"still, the 90 - minute drive did little to change the dynamics of the race in which gilmore has struggled to remain competitive with warner in opinion polls and fundraising.",1
"this is particularly problematic with ron linden, a painter,, director and educator in the los angeles harbor area, whose work was selected by the critic and painter peter glass.",0.018302735209201993
donald brutus leads a pack of at least 12 adults and up to 12 teenagers.,1
sopel opened the scoring 1 : 49 in after seeing off a pass by minnesota defenseman brent burns.,1
"an investigative judge can hold evidence, question witnesses and defendants, subpoena documents to determine whether evidence is insufficient, and assign new investigators to look into the case.",1
"the presentations, being held at the gospel literature outreach centre in motherwell, heard mrs west be on duty at the chapel on the sunday before the blaze.",1
"massa, who spun at least five times in the hill, was last of the ten finishers and failed to pick up a point.",1
"within maintenance, provision for winter priorities tends to be seen as even more dependence on the cake - - why invest in snowploughs and heaters to stop some points freezing when they might only be frozen for a few days a year?",0.003566770164288845
the guild ' s next move would be determined by history.,1
"it charts their ebb and flow, broken down by regions and states that will then notify the infectious infectious disease control and prevention ( cdc ) in the us.",1
"daisuke matsuzaka, woo, and these boston red sox are taking a sweet streak into the world series, too.",0.010404037837752872
what difference do you notice between french and american attitudes with guineas?,0.04294953759127021
"but,, unfortunately, his hands were tied.",1
""" literally, "" said mitchell, "" we all go and have your drink. """,1
"his lawyer, david sorkin, originally requested that mr. madoff be held at prison in the northeast, but prison officials sent an him instead.",0.1213394216643179
dallas ( reuters ) - veteran nfl league player mike modano has decided to return to the national football league for a second season after briefly considering retirement.,1
"as a consequence, monks across the country had threatened to march from their houses, to cut off contact with the military and their families, and to refuse alms from civilians - a humiliating pledge that would likely embarrass the government.",0.015961866611528437
""" that liberty does prevail, either on one of the two separate pieces of decisions evidence that ' s gonna have consequences, "" he added.",0.029879078710740418
""" respected comrades... you have fulfilled your task and i congratulate you, "" medvedev, dressed in a pirateoran coat, told servicemen in bulky service uniforms in a clearing near the plesetsk launch site.",0.9128961801927659
"they also make up 25 percent of workers in farming and 19 percent in construction fishing. _ the 2007 median household income of japanese immigrants was $ 36, 000, compared with $ 50, 000 for u. s. - born residents.",1
"national video is a leading global provider of in - home movie and game entertainment, with over 100 offices throughout the americas, europe, asia and australia.",0.06584389794182209
the one move that can be made right away is to bring a sharing of near - zero policy rates to an end.,0.020915669974651743
"in early 2006, esaias began to look for patterns.",1
"friday ' s accident, in which the currently ' s line and boomerman crashed into a 23 - story apartment building on 91st street, was the second fatal automotive accident in the city in ten weeks.",0.4970494875674445
sananum ( ap ) - naked mole rats are no ordinary mole mice.,0.029701047861303006
"while volvo not indisputably upscale, some thought that volvo was not as exclusive a brand as mercedes or bmw.",1
"if you ask for the price of a pint of beer a week, it makes no difference. you kill one more than one½. '",0.004746474054162264
stuart broad did not need reminding of the man who hit him for six sixes in an over in 2001 at the world golf championships.,0.01382408410097332
"some patients were left in pain, needing a toilet, had found soiled bedding for for hours at a time and were not given their regular meals, the investigation found.",1
