0,1
"in medieval times, the townspeople from despiteum so practised at butchering, that they acquired gained in - depth knowledge of anatomy and were allowed to practise as surgeons along with members of the clergy.",0.21254133465975583
"the satellite worth weighed 660 kb, the israeli haaretz newspaper reported, citing unnamed company officials.",1
the situation has been further complicated by growing concerns that the us treasury is preparing to make funds available for recapitalsing us banks.,1
"as north korea ' s close ally, traditional ally and main provider of foreign aid, china is widely believed to hold the key to solving the north korea conundrum.",1
"depression ; anxiety and the the risk of alcoholism, smoking or drug abuse.",1
karzai ' s lead in big money corporate fraud would have to be uncovered on a huge scale to force that round.,1
"the developments were prompted by a major investigation last week by the justice department inspector general who which concluded that department officials illegally used "" political or ideological "" factors in awarding lawyers into nonpartisan positions.",0.0016687846280579062
"group sales, including those at virgin classics, the tour operator, rose 8. 4 per cent from £4 billion to triple $ million.",0.0026476445262459125
"puerto rico ' unemployment rate exceeds 15 percent, according to the u. s. bureau of labor statistics.",1
"for this program we received a revised schedule that focused focused on many services, including electronic banking, something that seemed said to save banks money because it cut service overhead.",1
"in such the way as the himalayas are "" the modern water - tower, "" switzerland is the source of europe ' s biggest rivers, supporting agriculture and waterways, and cooling nuclear power stations.",1
beckett pitched another shutout to beat the los angeles angels in their series playoff opener that year and then lost game 1 against the indians.,1
"washington ( reuters ) - the united states has been considering detaining women suspects aboard floating "" prison ships, "", british legal said reported on monday, after the pentagon described the hearing as inaccurate.",1
the trojan horse of of big pop tunes sometimes overwhelms the intellectual interest in hedonism and its aching comedowns never makes them special.,1
how she came across the gun has not yet been explained in court.,1
"it, based in norwalk, conn., will also take on $ 2 billion of acs ' s debt and issue $ 300 million of convertible common stock to acs ' s minority percent shareholders.",0.014507265885869522
but kat i brushed off suggestions that mr. extensive ' s abrupt exit was related to new troubles at the archives.,0.21787926468057428
he said other guards arrived and the men were handcuffed.,1
"i head for the boat, and i launch myself into the azure water.",1
finde briefly felt they were riding the waves of globalisation.,0.06965476827129298
duffy said he does not see any immediate possible future for nagin.,1
people who commit animal cruelty in the presence of a minor receive stronger penalties.,1
"if they are not an ethnic or a religious group, they are the arabs ' language group.",1
""" one of the factors implied by this study is financial reimbursement, "" he said.",1
"during jersey ' s never publicized political scandal, his marriage with another woman, reputed mob ties and conviction on tax - evasion charges in 2000 were constant distractions, and some political observers have said that his baggage kept her from winning higher office.",0.0040618843639287265
"with 21, 000 passenger miles in 46 provinces, the district of columbia and three canadian provinces, amtrak operates more than 300 trains each day - at speeds up to 30 mph - - to more than 500 destinations.",0.017344437768580873
the bush administration is supporting boeing.,1
"we cannot simply go to what are effectively bank vaults on wheels, useful for large banking, with little flexibility or manoeuvrability.",0.03284245410742535
"the food and drug administration, in a back letter, told the drugmaker it could hold up taxes of new products if the guidelines are not corrected quickly.",0.004065967373212175
"their high death tolls from haitian officials, meanwhile, have raised concerns that no one really knows how many people died in the jan.",0.24744206906431937
"destination : cairo, egypt - - santa is spotted by his reindeer taking a quick break and warming up under the paws of the great sphinx. egypt is the quarter house on santa ' s 24 - hour journey around the world and has always been a quick but easy resting spot.",1
"index went up sharply from 27 in july to 54. 1 in august - - the strongest rise on record, which took the index to its highest level since april 2008 ;",1
enter mervyn prime.,1
"green day, for example, made "" 21st century "" "" available for streaming on rhapsody for a week before its may 23 release.",1
"moscow, russia ( cnn ) - - it ' s meant engagements the crowning glory of russia ' s post - soviet revival is in that the winter olympics will be held here, in the pristine mountains of sochi in russia. tomorrow.",0.01515681056978076
the journalist mike royko dubbed him the moonbeam when norman brown suggested that california should have a use for satellites.,0.011564860670165206
"gates said he did of believe that barack obama succeeded obama would "" increase the risks to anybody "" - - a reference to israeli concerns that its nuclear monopoly may soon be challenged by the the republic.",1
"joyce valente, a balco employee, filed a police report about the "" stolen "" "" in thenell, and the local weekly paper published an item about it.",0.09822770302204711
"in this time, with the economy backfiring, weitzman won ' t be my prince charming.",1
"can i do this myself, or do it need a lawyer?",1
we need the equivalent of what was done in prison at bretton woods.,1
""" the fire caused serious damage to the state,. the cctv is truly remorseful.",0.8751738476423078
"but this proved a false dawn, with mps left to move around alongside representatives who were a privileged position inside an average district of the manure parliament.",1
the marchers were attacked by onlookers after some of them stood to provide an address.,0.003270235631626723
"most starters : 9 ( 5 offense, 4 defense ).",1
the response of the p5 + 1 ( the un security council ' s 35 10 plus 1 ) to the iranian diss becomes crucial.,0.25810169928892357
are microsoft and cisco are below fair value? - - is microsoft being overly conservative with the q3 exit it announced during its recent earnings report?,0.5591737599514481
"outside,, jacky cbs and charles dyer, both at the university of gloucestershire, were mixing their own plate in two pewter hip flasks.",0.4385321184538504
special government - this will may downsize the federal government and bring the power once held by each of the states back to those states.,0.1048206370406452
"los angeles ( 1933 ) - oscar - winning soul singer isaac hayes who, along with al green, james brown and stevie wonder, was one of the many black musicians in the early 1970s, died in hollywood on sunday.",0.01998142028214533
he was polishing up his act and bolstering his tougher cred.,1
"mr. nardelli acknowledged that he did not have automotive expertise, but cited his experience in dealing with industrial issues at technology, where he had begun to start a job making power supplies such as generators and turbines before leaving to overhaul home depot in england.",0.016881486624149122
mousavi supporters were planning a demonstration outside parliament on wednesday evening.,1
""" i ' m just getting warmed up, "" clinton told reporters, a clear sign that she intended to press her campaign on beyond tuesday as in the president.",1.8511143758464872e-05
but jarrett claimed that collier had been personally informed of discussions about the novel over the past two months by a member of the governing council.,0.21674718573911747
"19 ( ap ) commemorates jan wolkers, a novelist, poet and playwright whose sex - charged books helped break off the shackles of capitalist juveniles in the netherlands, spend friday at his home on the north sea island of groningen.",0.006811555379388771
"with the violence escalating, these rivals agreed in february to share power, with odinga taking the new position of prime minister.",1
""" i think this year he ' s done the things that the n. f. l. guys want to do, "" said carolyn june jones, a former n. f. l. coach.",1
"the day after his death, he was arrested for assault, then put escaped prison.",1
i think things went wrong years ago and was only really brought into focus with the abandoned election and mole exacerbated by the 10p tax fiasco.,0.772565471683678
"nadal broke again to was up 3 - 2 in the second after a forehand error by roddick, which was enough to clinch the set.",0.8184081109977881
"washington - - the remains of a one american lost in the persian gulf war have been found in iraq, the military said today, after struggling for two 25 decades with the question of whether he was alive or not.",0.6173381016015774
"the macneils claim descent from niall of the nine hostages, king of ireland from 1645 to 405.",0.07663088003612027
"however, same year the wholesale money markets closed up for a wide range of reasons, of which the first crisis was the fall in american banking currency and the implications of the fall for the value of the structured finance securities.",0.053957039807987425
"some 1. 02 million babies are stillborn and another 904, 000 die soon after birth.",1
unemployment rate for the residents is probably some way off its peak.,0.03624066140212878
"but the court, when it was impossible to generalize how why smokers chose light cigarettes, ruled that the group could not be treated as a class.",1
"so i began moving from one place to another, to secure my life and my family ' s life.",1
they let houston be a laugh despite the absence of lin ming.,0.043889589475369604
""" he ' s smart.",1
"he said no evidence has been produced that provost, who was gay, fired fired because of his sexual orientation.",1
"still, the 90 - minute drive did little to change the dynamics of the race in which gilmore has struggled to remain competitive with warner in opinion polls and fundraising.",1
"this is particularly particularly with ron linden, a painter,, director and educator in the los angeles harbor area, whose work was selected by the critic and painter peter glass.",0.4000921242794886
jeans brutus leads a pack of at least 12 adults and up to 12 larvae.,1
sopel opened the scoring 1 : 49 in after seeing off a pass by minnesota defenseman brent burns.,1
"an investigative judge can hold evidence, question witnesses and defendants, subpoena documents to determine whether evidence is viable, and assign new investigators to look into the case.",1
"the jury, being held at the gospel literature outreach centre in motherwell, heard mrs west be on duty at the doorway on the sunday before the blaze.",0.7321757659977979
"massa, who spun at least five times in the hill, was last of the ten finishers and failed to pick up a point.",1
"within maintenance, provision for winter weather tends to be seen as even more sauce on the cake - - why invest in snowploughs and heaters to stop some points freezing when they might only be frozen for a few days a year?",0.0018152163500894246
the guild ' s next move would be determined by history.,1
"it charts their ebb and flow, broken down by regions and states that will then notify the infectious infectious disease control and prevention ( cdc ) in the us.",1
"daisuke matsuzaka, joe, and these boston red sox are taking a sweet streak into the world series, too.",1
what difference do you notice between french and american attitudes with benedict?,0.3168900408869984
"but, even saturday, his hands were tied.",1
""" literally, "" said mitchell, "" we all go and have your drink. """,1
"his lawyer, david sorkin, originally requested that mr. madoff be held at prison in the northeast, but prison officials sent additional him instead.",0.029547710421943103
dallas ( reuters ) - veteran nfl league player mike modano has decided to return to the national football league for a second season after briefly considering retirement.,0.18864458277905735
"as a consequence, monks across the country had threatened to march from their houses, to cut off contact with the military and their families, and to refuse alms from pilgrims - a humiliating pledge that would likely embarrass the government.",0.00273770254883005
""" that liberty does prevail, either on one of the two separate pieces of choice evidence that ' s gonna have consequences, "" he added.",0.08499780449509124
""" respected comrades... you have fulfilled your task and i congratulate you, "" medvedev, dressed in a television wig coat, told servicemen in bulky service uniforms in a clearing near the plesetsk launch site.",0.0005779188489747995
"they also make up 25 percent of workers in farming and 19 percent in construction leasing. _ the 2007 median household income of korean immigrants was $ 36, 000, compared with $ 50, 000 for u. s. - born residents.",0.850664118355407
"profit films is a leading global provider of in - home movie and game entertainment, with over 100 offices throughout the americas, europe, asia and australia.",0.25565755721808897
the one move that can be made right away is to bring obtain sharing of near - zero policy rates to an end.,0.1854999829136807
"in early 2006, esaias began to look for patterns.",1
"friday ' s accident, in which the singer ' s factory and boomerer crashed into a 23 - story apartment building on 91st street, was the second fatal automotive accident in the city in ten weeks.",1
sanana ( ap ) - naked mole rats are no ordinary mole mice.,1
"while volvo not indisputably upscale, some thought that volvo was not as exclusive a brand as mercedes or bmw.",1
"if you ask for the price of a pint of beer a week, it makes no difference. you add one more than one girl. '",1
stuart broad did not need reminding of the man who hit him for six sixes in an over in london at the world golf championships.,0.015678377339250205
"some patients were left in pain, needing a toilet, had received soiled bedding for for hours at a time and were not given their regular meals, the investigation found.",0.2992512013507015
