0,1
"in medieval times, the townspeople from middlesex were so practised at butchering, that they acquired gained in - depth knowledge of anatomy and were allowed to practise as surgeons along with members of the clergy.",0.01848297418666026
"the satellite is weighed 660 pc, the israeli haaretz newspaper reported, citing unnamed company officials.",0.16674885824017718
the situation has been further complicated by growing concerns that the us treasury is preparing to make funds available for recapitalsing us banks.,1
"as north korea ' s close ally, traditional ally and main provider of foreign aid, china is widely believed to hold the key to solving the north korea conundrum.",1
"depression ; anxiety and the the risk of alcoholism, smoking or drug abuse.",1
karzai ' s lead in big money corporate fraud would have to be uncovered on a huge scale to force that round.,0.26453101090035486
"the developments were prompted by a major investigation last week by the justice department inspector general who which concluded that department officials illegally used "" political or ideological "" factors in awarding lawyers into nonpartisan positions.",0.03213377522579111
"group sales, including those at virgin europe, the tour operator, rose 8. 4 per cent from £4 billion to satisfy $ million.",0.5151654665656562
"puerto rico ' unemployment rate exceeds 15 percent, according to the u. s. bureau of labor statistics.",0.16157438259019385
"for this program we received a revised schedule that focused focused on many services, including electronic banking, something that seemed said to save banks money because it cut government overhead.",0.1416889505885928
"in such what way as the himalayas are "" the little water - tower, "" switzerland is the source of europe ' s biggest rivers, supporting agriculture and waterways, and cooling nuclear power stations.",0.053943713976055366
beckett pitched another shutout to beat the los angeles angels in their their playoff opener that year and then lost game 1 against the indians.,1
"washington ( reuters ) - the united states has been considering detaining women suspects aboard floating "" prison ships, "" noted british legal said reported on monday, after the pentagon described the hearing as inaccurate.",0.12134807191481828
the trojan horse of of big pop tunes sometimes overwhelms the intellectual interest in hedonism and its aching comedowns that makes them special.,1
how she came across the gun has not yet been explained in court.,1
"it, based in norwalk, conn., will also take on $ 2 billion of acs ' s debt and issue $ 300 million of convertible common stock to acs ' s minority percent shareholders.",0.07444775457277293
but rabbi i brushed off suggestions that mr. white ' s abrupt exit was related to new troubles at the bay.,0.031821890627154716
he said other guards arrived and the men were handcuffed.,1
"i head for the boat, and i launch myself into the azure water.",1
hee briefly felt they were riding the waves of globalisation.,1
duffy said he does not see any immediate possible future for nagin.,0.05857576164095552
people who commit animal cruelty in the presence of a minor deserve stronger penalties.,1
"if they are not an ethnic or a religious group, they are the arabs ' language group.",1
""" one of the factors implied by this study is financial reimbursement, "" he said.",1
"during koch ' s highly publicized political scandal, his marriage with another woman, reputed mob ties and conviction on tax - evasion charges in 2000 were constant distractions, and some political observers have said that his baggage kept her from winning higher office.",1
"with 21, 000 passenger miles in 46 provinces, the district of columbia and three canadian provinces, amtrak operates more than 300 trains each day - at speeds up to 60 mph - - to more than 500 destinations.",1
the bush administration is supporting boeing.,1
"we cannot simply go to what are effectively bank vaults on wheels, useful for large banking, with little flexibility or manoeuvrability.",0.0003649166526223455
"the food and drug administration, in a team letter, told the drugmaker it could hold up taxes of new products if the guidelines are not corrected quickly.",0.6293666356412623
"in high death tolls from haitian officials, meanwhile, have raised concerns that no one really knows how many people died in the jan.",1
"destination : cairo, egypt - - santa is spotted by his reindeer taking a quick break and warming up under the paws of the great sphinx. egypt is the quarter city on santa ' s 24 - hour journey around the world and has always been a quick but easy resting spot.",1
"houston went up sharply from 27 in july to 54. 1 in august - - the strongest rise on record, which took the index to its highest level since april 2008 ;",0.08027692464404362
enter mervyn prime.,1
"green day, for example, made "" 21st century "" "" available for streaming on rhapsody for a week before its may 23 release.",1
"moscow, russia ( cnn ) - - it ' s meant for the crowning glory of russia ' s post - soviet revival, in that the winter olympics will be held here, in the pristine mountains of sochi in russia. tomorrow.",1
the journalist mike royko dubbed him the moonbeam when director brown suggested that california should have a use for satellites.,1
"gates said he did to believe that barack obama testified obama would "" increase the risks to anybody "" - - a reference to israeli concerns that its nuclear monopoly may soon be challenged by the the republic.",0.12121725576081324
"joyce valente, a balco employee, filed a police report about the "" stolen "" "" in the lynch, and the local weekly paper published an item about it.",0.47751915676975093
"in this time, with the economy backfiring, weitzman won ' t be my prince charming.",1
"can i do this myself, or do it need a lawyer?",1
we need the equivalent of what was done in prison at bretton woods.,0.00985368048614615
""" the fire caused serious damage to the state,. the cctv is not remorseful.",1
"but this proved a false dawn, with mps left to move around alongside representatives who found a privileged position inside an average district - the manure parliament.",0.0007753953664832896
the marchers were attacked by onlookers after some of them stood to make an apology.,1
"most starters : 9 ( 5 offense, 4 defense ).",1
the response of the p5 + 1 ( the un security council ' s resolution 10 plus 1 ) to the iranian diss becomes crucial.,1
are microsoft and cisco are below fair value? - - is microsoft being overly conservative with the q3 spot it announced during its recent earnings report?,0.8772449268537297
"outside,, jacky walker and charles dyer, both at the university of gloucestershire, were mixing their own wishes in two pewter hip flasks.",0.0006167045895968135
extra government - this will may downsize the federal government and bring the power once held by each of the states back to those states.,0.13678126247075742
"los angeles ( 1964 ) - oscar - winning soul singer isaac hayes who, along with al green, james brown and stevie wonder, was one of the many black musicians in the early 1970s, died in hollywood on sunday.",1
he was polishing up his act and bolstering his tougher cred.,1
"mr. nardelli acknowledged that he did not have automotive expertise, but cited his experience in dealing with industrial issues at indiana, where he had begun to start a job making power supplies such as generators and turbines before leaving to overhaul home depot in detroit.",1
mousavi supporters were planning a demonstration outside parliament on wednesday evening.,0.066940579362535
""" i ' m just getting warmed up, "" clinton told reporters, a clear sign that she intended to press her campaign on beyond tuesday as in the president.",0.32828363728798865
but 1967 claimed that collier had been personally informed of discussions about the decision over the past two months by a member of the governing council.,1
"19 ( ap ) commemorates jan wolkers, a novelist, poet and playwright whose sex - charged books helped break off the shackles of capitalist tampa in the netherlands, spend friday at his home on the north sea island of groningen.",0.31370095820833216
"with the violence escalating, they rivals agreed in february to share power, with odinga taking the new position of prime minister.",1
""" i think this year he ' s done the things that the n. f. l. guys want to do, "" said carolyn june jones, a former n. f. l. coach.",1
"the day after his death, he was arrested for assault, then besieged escaped prison.",0.5026728760878492
i think things went wrong years ago and was only really brought into focus with the abandoned election and more exacerbated by the 10p tax fiasco.,1
"nadal broke again to go up 3 - 2 in the second after a forehand error by roddick, which was enough to clinch the set.",1
"washington - - the remains of a omaha american lost in the persian gulf war have been found in iraq, the military said today, after struggling for two many decades with the question of whether he was alive or not.",1
"the macneils claim descent from niall of the nine hostages, king of ireland from tongues to 405.",0.17434962486716063
"however, same year the wholesale money markets closed up for a wide range of reasons, of which the first crisis was the fall in american banking currency and the implications of the fall for the value of the structured finance securities.",1
"some 1. 02 million babies are stillborn and another 904, 000 die soon after birth.",1
unemployment rate for the residents is probably some way off its peak.,0.009253269240824716
"but the court, when it was impossible to generalize how why smokers chose light cigarettes, ruled that the group could not be treated as a class.",1
"so i began moving from one place to another, to secure my life and my family ' s life.",1
they let houston be a laugh despite the absence of lin ming.,0.01588527666599248
""" he ' s smart.",1
"he said no evidence has been produced that provost, who was gay, that fired because of his sexual orientation.",0.04119433403478269
"still, the 90 - minute races did little to change the dynamics of the race in which gilmore has struggled to remain competitive with warner in opinion polls and fundraising.",1
"this is particularly particularly with ron linden, a painter,, director and educator in the los angeles harbor area, whose work was selected by the critic and painter peter glass.",0.0026609200106535607
golden brutus leads a pack of at least 12 adults and up to 12 children.,0.4924308653459697
sopel opened the scoring 1 : 49 in after seeing off a pass by minnesota defenseman brent burns.,1
"an investigative judge can hold evidence, question witnesses and defendants, subpoena documents to determine whether evidence is scientific, and assign new investigators to look into the case.",0.02712746138890409
"the jury, being held at the gospel literature outreach centre in motherwell, heard mrs west be on duty at the doorway on the sunday before the blaze.",0.040178387968386076
"massa, who spun at least five times in the victory, was last of the ten finishers and failed to pick up a point.",1
"within maintenance, provision for winter weather tends to be seen as even more sauce on the cake - - why invest in snowploughs and heaters to stop some points freezing when they might only be frozen for a few days a year?",0.000571859567900075
the guild ' s next move would be determined by history.,1
"it charts their ebb and flow, broken down by regions and states that will then notify the infectious infectious disease control and prevention ( cdc ) in the us.",1
"daisuke matsuzaka, maybe, and these boston red sox are taking a sweet streak into the world series, too.",0.04349134405493727
what difference do you notice between french and american attitudes with francaise?,0.4202024333538319
"but, even goodness, his hands were tied.",1
""" literally, "" said mitchell, "" we all go and have your drink. """,1
"his lawyer, david sorkin, originally requested that mr. madoff be held at prison in the northeast, but prison officials sent the him instead.",1
dallas ( reuters ) - veteran nfl league player mike modano has decided to return to the national football league for a second season after briefly considering retirement.,0.2766355876822426
"as a consequence, monks across the country had threatened to march from their hut, to cut off contact with the military and their families, and to refuse alms from pilgrims - a humiliating pledge that would likely embarrass the government.",1
""" moral liberty does prevail, either on one of the two separate pieces of policy evidence that ' s gonna have consequences, "" he added.",0.0003795770608606018
""" respected comrades... you have fulfilled your task and i congratulate you, "" medvedev, dressed in a toilet wig coat, told servicemen in bulky american uniforms in a clearing near the plesetsk launch site.",0.24618068287498204
"they also make up 25 percent of workers in farming and 19 percent in construction lighting. _ the 2007 median household income of mexican immigrants was $ 36, 000, compared with $ 50, 000 for u. s. - born residents.",0.027918281105772918
"sigma vp is a leading global provider of in - home movie and game entertainment, with over 100 offices throughout the americas, europe, asia and australia.",0.4718082829256707
the one move that can be made right away is to bring restore sharing of near - zero policy rates to an end.,0.00121562868903007
"in early 2006, esaias began to look for patterns.",1
"friday ' s accident, in which the singer ' s factory and boomerer crashed into a 23 - story apartment building on 91st street, was the second fatal car accident in the city in ten weeks.",0.00892389515751374
sana ( ap ) - naked mole rats are no ordinary absence mice.,0.3112840598482038
"while volvo not indisputably upscale, some felt that volvo was not as exclusive a brand as mercedes or bmw.",1
"if you ask for the price of a pint of beer a week, it makes no difference. you sacrifice one more than one with. '",0.17296972982994524
stuart broad did not need reminding of the man who hit him for six sixes in an over in london at the world golf championships.,0.01696730474227983
"some patients were left in pain, needing a toilet, had wore soiled bedding for for hours at a time and were not given their regular meals, the investigation found.",1
