0,1
"in medieval times, the townspeople from wall were so practised at butchering, that they acquired gained in - depth knowledge of anatomy and were allowed to practise as surgeons along with members of the clergy.",0.014992355174620609
"the satellite achieved weighed 660 kg, the israeli haaretz newspaper reported, citing unnamed company officials.",1
the situation has been further complicated by growing concerns that the us treasury is preparing to make funds available for recapitalsing us banks.,1
"as north korea ' s close ally, traditional ally and main source of foreign aid, china is widely believed to hold the key to solving the north korea conundrum.",1
"depression, anxiety and the the risk of alcoholism, smoking or drug abuse.",1
karzai ' s lead in big money corporate fraud would have to be uncovered on a huge scale to force that round.,0.035810384260186706
"the developments were prompted by a major investigation last week by the justice department inspector general who which concluded that department officials illegally used "" political or ideological "" factors in framing lawyers into nonpartisan positions.",1
"group sales, including those at virgin markets, the tour operator, rose 8. 4 per cent from £4 billion to £1 $ million.",0.0016592942859281344
"puerto rico ' unemployment rate exceeds 15 percent, according to the u. s. bureau of labor statistics.",1
"for this program we received a revised schedule that focused focused on many services, including electronic banking, something that seemed seemed to save banks money because it cut government overhead.",0.07709557974473567
"in such same way as the himalayas are "" the great water - tower, "" switzerland is the source of europe ' s biggest rivers, supporting agriculture and waterways, and cooling nuclear power stations.",0.036415272112237634
beckett pitched another shutout to beat the los angeles angels in their their playoff opener that year and then lost game 1 against the indians.,1
"washington ( reuters ) - the united states has been considering detaining women suspects aboard floating "" prison ships, "" noted british legal said reported on monday, after the pentagon described the sheet as inaccurate.",0.04869290038918986
the trojan horse takes of big pop tunes sometimes overwhelms the intellectual interest in hedonism and its aching comedowns always makes them special.,0.006519425646474594
how she came across the gun has not yet been explained in court.,1
"it, based in norwalk, conn., will also take on $ 2 billion of acs ' s debt and issue $ 300 million of convertible common stock to acs ' s minority minority shareholders.",0.6622076296917365
but i i brushed off suggestions that mr. bell ' s abrupt exit was related to new troubles at the school.,0.3498299052809947
he said other guards arrived and the men were handcuffed.,1
"i head for the boat, and i launch myself into the azure water.",1
heli briefly felt they were riding the waves of globalisation.,1
duffy said he does not see any potential possible future for nagin.,1
people who commit animal cruelty in the presence of a minor score stronger penalties.,1
"if they are not an ethnic or a religious group, they are the arabs ' language group.",0.05222681150746171
""" one of the factors implied by this study is financial reimbursement, "" he said.",1
"during trump ' s highly publicized political scandal, his marriage with another woman, reputed mob ties and conviction on tax - evasion charges in 2000 were constant distractions, and some political observers have said that his baggage kept her from winning higher office.",0.0003924015021038938
"with 21, 000 passenger miles in 46 provinces, the district of columbia and three canadian provinces, amtrak operates more than 300 trains each day - at speeds up to 60 mph - - to more than 500 destinations.",1
the bush administration is supporting it.,0.12181677035269077
"we cannot simply go to what are effectively bank vaults on wheels, useful for recently banking, with little flexibility or manoeuvrability.",0.4240675702991455
"the food and drug administration, in a public letter, told the drugmaker they could hold up sales of new products if the errors are not corrected quickly.",1
"1880s high death tolls from haitian officials, meanwhile, have raised concerns that no one really knows how many people died in the jan.",0.08770495730676382
"destination : cairo, egypt - - santa / spotted by his reindeer taking a quick break and warming up under the paws of the great sphinx. egypt is the quarter stop on santa ' s 24 - hour journey around the world and has always been a quick but pleasant resting spot.",1
"it went up sharply from 127 in july to 54. 1 in august - - the strongest rise on record, which took the index to its highest level since april 2008 ;",0.02979898732203409
enter mervyn bane.,0.023066148883472793
"green day, for example, made "" 21st century "" "" available for streaming on rhapsody for a week before its may 1993 release.",0.12464014857189139
"moscow, russia ( cnn ) - - it ' s meant ' the crowning glory of russia ' s post - soviet revival, in that the winter olympics will be held here, in the pristine mountains of sochi in russia. tomorrow.",0.012824215746946527
the young mike royko dubbed him the moonbeam when gregory brown suggested that california should have a use for satellites.,0.009610556306297006
"gates said he did to believe that barack obama and obama would "" increase the risks to anybody "" - - a reference to israeli concerns that its nuclear monopoly may soon be challenged by the the republic.",1
"joyce valente, a balco employee, filed a police report about the "" stolen "" "" in the taiwan, and the local weekly paper published an item about it.",0.4371101913522769
"in this time, with the economy backfiring, weitzman won ' t be my prince charming.",1
"can i do this myself, or do it as a lawyer?",1
we need the equivalent of what was done in prison at bretton woods.,1
""" the fire caused serious damage to the state, "" the cctv is not remorseful.",1
"but this proved a false dawn, with mps left to shuffled around alongside servants who had a privileged position inside an average lower or the manure parliament.",0.18984873914148467
the marchers were attacked by onlookers after some of them failed to make an apology.,1
"total starters : 9 ( 5 offense, 4 defense ).",1
the response of the p5 + 1 ( the un security council ' s 4 10 plus 1 ) to the iranian diss becomes crucial.,1
are microsoft and cisco weighted below fair value? - - is microsoft being overly conservative with the q3 markets it announced during its recent earnings report?,1
"outside,, jacky brown and charles dyer, both at the university of gloucestershire, were mixing their own beer in two pewter hip flasks.",0.0141180169796498
successor government - this will would downsize the federal government and bring the power once held by each of the states back to those states.,0.5716458785208068
"los angeles ( 1964 ) - oscar - winning soul singer isaac hayes who, along with al green, james brown and stevie wonder, was one of the many black musicians in the early 1970s, died in church on sunday.",1
he was polishing up his act and bolstering his tougher cred.,1
"mr. nardelli acknowledged that he did not have automotive expertise, but cited his experience in dealing with industrial issues at milton, where he had begun to start a business making power supplies such as generators and turbines before leaving to business home depot in detroit.",0.002948486702354113
mousavi supporters were planning a demonstration outside parliament on wednesday evening.,1
""" i ' m just getting warmed up, "" clinton told reporters, a clear sign that she intended to press her campaign on beyond tuesday fast in the weekend.",0.030876516702680233
but he claimed that collier had been personally informed of discussions about the decision over the past two months by a member of the governing council.,0.025490478644079616
"19 ( ap ) maze jan wolkers, a novelist, poet and playwright whose sex - charged books helped break off the shackles of gambling prostitution in the netherlands, fifth friday at his home on the north sea island of groningen.",0.1483618462793777
"with the conflict escalating, the rivals agreed in february to share power, with odinga taking the new position of prime minister.",1
""" i think this year he ' s done few things that the n. f. l. guys want to do, "" said kelly june jones, a former n. f. l. coach.",0.011140161116617205
"the day after his death, he was arrested for assault, then put become prison.",1
i think things went wrong years ago and was only really brought into focus with the abandoned election and scandal exacerbated by the 10p tax fiasco.,0.40469730796134035
"nadal broke again to go up 3 - 2 in the second after a forehand error by roddick, which was enough to clinch the set.",1
"washington - - the remains of a one american lost in the persian gulf war have been found in iraq, the military said today, after struggling for several four decades with the question of whether he was alive or not.",0.03180822191584543
"the macneils claim descent from niall of the nine hostages, king of ireland from 405 to 405.",1
"however, same year the wholesale money markets closed up for a wide range of reasons, of which the first crisis was the fall in american format currency and the implications of the fall for the value of the structured finance securities.",0.04073860271411794
"some 1. 02 million babies are stillborn and another 904, 000 die soon after birth.",1
unemployment rate for the townships is probably some way off its peak.,0.15788533607400784
"but the court, because it was impossible to generalize why whether smokers chose light cigarettes, ruled that the group could not be treated as a class.",1
"so i began moving from one place to another, to secure my life and my family ' s life.",1
they let houston have a seat despite the absence of lin ming.,1
""" he ' s smart.",1
"he said no evidence has been found that provost, who was gay, were fired because of his sexual orientation.",1
"still, the 90 - minute title did little to change the dynamics of the race in which gilmore has struggled to remain competitive with warner in opinion polls and fundraising.",1
"this is particularly connected with ron linden, a painter,, director and educator in the los angeles harbor area, whose work was selected by the critic and painter peter harvey.",0.18537680840098295
the brutus leads a pack of at least 12 adults and up to 12 children.,1
sopel opened the scoring 1 : 49 in after picking off a pass by minnesota defenseman brent burns.,1
"an investigative judge can hold witnesses, question witnesses and defendants, subpoena documents to determine whether evidence is oklahoma, and assign new investigators to look into the case.",0.08736981859037747
"the hearing, being held at the gospel literature outreach centre in motherwell, heard mrs west yorkshire on duty at the shelter on the sunday before the blaze.",1
"massa, who spun at least five times in the fifth, was last of the ten finishers and failed to pick up a point.",0.0004106053486817232
"within maintenance, provision for winter weather tends to be seen as even more complicated on the cake - - why invest in snowploughs and heaters to stop some points freezing when they might only be frozen for a few days a year?",1
the guild ' s next move would be determined by history.,1
"it charts their ebb and flow, broken down by regions and states that will then notify the infectious infectious disease control and prevention ( cdc ) in the us.",1
"daisuke matsuzaka, keith, and these boston red sox are taking a sweet streak into the world series, too.",0.09208325019187082
what difference do you notice between french and american attitudes with which?,1
"but, finally again, his hands were tied.",1
""" literally, "" said mitchell, "" we all go and have a drink. """,1
"his lawyer, david sorkin, originally requested that mr. madoff be held at prison in the northeast, but prison officials sent the him instead.",1
dallas ( reuters ) - veteran nfl league player mike modano has decided to return to the national football league for a second season after briefly considering retirement.,1
"as a consequence, monks across the country had threatened to march from their monasteries, to cut off contact with the military and their families, and to refuse alms from missionaries - a humiliating move that would likely embarrass the monks.",1
""" but liberty does prevail, either on one of the two separate pieces of evidence evidence that ' s gonna have consequences, "" he finished.",0.06317678261781386
""" respected comrades... you have fulfilled your task and i congratulate you, "" medvedev, dressed in a blue jumper,, told servicemen in bulky military uniforms in a clearing near the plesetsk launch site.",1
"they also make up 25 percent of workers in farming and 19 percent in construction construction. _ the 2007 median household income of mexican immigrants was $ 36, 000, compared with $ 50, 000 for u. s. - born residents.",1
"casual entertainment is a leading global provider of in - home movie and game entertainment, with over 80 offices throughout the americas, europe, asia and australia.",0.0008117077461601142
the one move that can be made right away is to bring all use of near - zero policy rates to an end.,0.13362011867828866
"in early 2006, esaias began to look for patterns.",1
"friday ' s accident, in which the dog ' s editor and boomerer crashed into a 23 - story apartment building on 91st street, was the second fatal car accident in the city in ten weeks.",0.8174724427628405
san francisco ( ap ) - naked mole rats are no ordinary laboratory mice.,0.015354275302351655
"while condemnation not indisputably upscale, some felt that volvo was not as exclusive a brand as mercedes or bmw.",0.04660534527006466
"if you ask for the price of a pint of beer a week, it makes no difference. you accept one more than one more. '",1
stuart broad did not need reminding of the man who hit him for six sixes in an over in london at the world golf championships.,1
"some patients were left in pain, needing a toilet, and wore soiled bedding for for hours at a time and were not given their regular meals, the investigation found.",1
