0,1
"in medieval times, the townspeople from lu were so practised at butchering, that they acquired gained in - depth knowledge of anatomy and were allowed to practise as surgeons along with members of the clergy.",0.014997438912802656
"the satellite is weighed 660 kg, the israeli haaretz newspaper reported, citing unnamed company officials.",0.05334912445509223
the situation has been further complicated by growing concerns that the us treasury is preparing to make funds available for recapitalsing us banks.,1
"as north korea ' s close ally, traditional ally and main provider of foreign aid, china is widely believed to hold the key to solving the north korea conundrum.",1
"depression earle anxiety and the the risk of alcoholism, smoking or drug abuse.",1
karzai ' s lead in big money corporate fraud would have to be uncovered on a huge scale to force that round.,0.4009974384653258
"the developments were prompted by a major investigation last week by the justice department inspector general who which concluded that department officials illegally used "" political or ideological "" factors in opposing lawyers into nonpartisan positions.",0.3028956470655743
"group sales, including those at virgin europe, the tour operator, rose 8. 4 per cent from £4 billion to £3 $ million.",1
"puerto rico ' unemployment rate exceeds 15 percent, according to the u. s. bureau of labor statistics.",1
"for this program we received a revised schedule that focused focused on many services, including electronic banking, something that seemed said to save banks money because it cut government overhead.",0.007413906941499063
"in such same way as the himalayas are "" the little water - tower, "" switzerland is the source of europe ' s biggest rivers, supporting agriculture and waterways, and cooling nuclear power stations.",1
beckett pitched another shutout to beat the los angeles angels in their their playoff opener that year and then lost game 1 against the indians.,0.08999765895874377
"washington ( reuters ) - the united states has been considering detaining women suspects aboard floating "" prison ships, "" noted british legal said reported on monday, after the pentagon described the hearing as inaccurate.",0.03713937806565714
the trojan horse of of big pop tunes sometimes overwhelms the intellectual interest in hedonism and its aching comedowns that makes them special.,0.0018938037617144013
how she came across the gun has not yet been explained in court.,1
"it, based in norwalk, conn., will also take on $ 2 billion of acs ' s debt and issue $ 300 million of convertible common stock to acs ' s minority member shareholders.",0.0007399262371178046
but seventeen i brushed off suggestions that mr. white ' s abrupt exit was related to new troubles at the school.,0.022347706301769087
he said other guards arrived and the men were handcuffed.,1
"i head for the boat, and i launch myself into the azure water.",1
hek briefly felt they were riding the waves of globalisation.,1
duffy said he does not see any potential possible future for nagin.,1
people who commit animal cruelty in the presence of a minor deserve stronger penalties.,1
"if they are not an ethnic or a religious group, they are the arabs ' language group.",1
""" one of the factors implied by this study is financial reimbursement, "" he said.",1
"during trump ' s highly publicized political scandal, his marriage with another woman, reputed mob ties and conviction on tax - evasion charges in 2000 were constant distractions, and some political observers have said that his baggage kept her from winning higher office.",0.0014986558048654653
"with 21, 000 passenger miles in 46 provinces, the district of columbia and three canadian provinces, amtrak operates more than 300 trains each day - at speeds up to 273 mph - - to more than 500 destinations.",0.8594058046620289
the bush administration is supporting 1914.,0.8271527227782489
"we cannot simply go to what are effectively bank vaults on wheels, useful for driving banking, with little flexibility or manoeuvrability.",0.7448617727599139
"the food and drug administration, in a 1928 letter, told the drugmaker it could hold up discoveries of new products if the stocks are not corrected quickly.",0.7875565699629445
"additional high death tolls from haitian officials, meanwhile, have raised concerns that no one really knows how many people died in the jan.",0.0036672146397611002
"destination : cairo, egypt - - santa the spotted by his reindeer taking a quick break and warming up under the paws of the great sphinx. egypt is the quarter city on santa ' s 24 - hour journey around the world and has always been a quick but pleasant resting spot.",0.06993035700317353
"ranking went up sharply from mori in july to 54. 1 in august - - the strongest rise on record, which took the index to its highest level since april 2008 ;",0.2710237921871146
enter mervyn leroy.,1
"green day, for example, made "" 21st century "" "" available for streaming on rhapsody for a week before its may 23 release.",1
"moscow, russia ( cnn ) - - it ' s meant for the crowning glory of russia ' s post - soviet revival, in that the winter olympics will be held here, in the pristine mountains of sochi in russia. tomorrow.",1
the drummer mike royko dubbed him the moonbeam when johnny brown suggested that california should have a use for satellites.,0.08672111629592681
"gates said he did to believe that barack obama told obama would "" increase the risks to anybody "" - - a reference to israeli concerns that its nuclear monopoly may soon be challenged by the the republic.",0.009103719235285381
"joyce valente, a balco employee, filed a police report about the "" stolen "" "" in the july, and the local weekly paper published an item about it.",0.00116271710849098
"in this time, with the economy backfiring, weitzman won ' t be my prince charming.",1
"can i do this myself, or do it as a lawyer?",1
we need the equivalent of what was done in prison at bretton woods.,1
""" the fire caused serious damage to the state,. the cctv is not remorseful.",1
"but this proved a false dawn, with mps left to hide around alongside servants who viewed a privileged position inside an average district or the manure parliament.",0.006259490049118505
the marchers were attacked by onlookers after some of them failed to stage an apology.,1
"seven starters : 9 ( 5 offense, 4 defense ).",0.13545788669944492
the response of the p5 + 1 ( the un security council ' s 16 10 plus 1 ) to the iranian diss becomes crucial.,0.08345839618544533
are microsoft and cisco are below fair value? - - is microsoft being overly conservative with the q3 2013 it announced during its recent earnings report?,0.00839557284318023
"outside,, jacky walker and charles dyer, both at the university of gloucestershire, were mixing their own wishes in two pewter hip flasks.",1
representative government - this will would downsize the federal government and bring the power once held by each of the states back to those states.,0.1764993752094447
"los angeles ( 1964 ) - oscar - winning soul singer isaac hayes who, along with al green, james brown and stevie wonder, was one of the many black musicians in the early 1970s, died in hollywood on sunday.",1
he was polishing up his act and bolstering his tougher cred.,1
"mr. nardelli acknowledged that he did not have automotive expertise, but cited his experience in dealing with industrial issues at indiana, where he had begun to start a job making power supplies such as generators and turbines before leaving to overhaul home depot in detroit.",1
mousavi supporters were planning a demonstration outside parliament on wednesday evening.,1
""" i ' m just getting warmed up, "" clinton told reporters, a clear sign that she intended to press her campaign on beyond tuesdays in the president.",0.11924108691032154
but victims claimed that collier had been personally informed of discussions about the decision over the past two months by a member of the governing council.,0.2591580941592972
"19 ( ap ) commemorates jan wolkers, a novelist, poet and playwright whose sex - charged books helped break off the shackles of capitalist administration in the netherlands, spend friday at his home on the north sea island of groningen.",0.012693068540177701
"with the violence escalating, the rivals agreed in february to share power, with odinga taking the new position of prime minister.",1
""" i think this year he ' s done negotiated things that the n. f. l. guys want to do, "" said sue june jones, a former n. f. l. coach.",0.6966393816104423
"the day after his death, he was arrested for assault, then serves escaped prison.",1
i think things went wrong years ago and was only really brought into focus with the abandoned election and changes exacerbated by the 10p tax fiasco.,0.023161462866413508
"nadal broke again to go up 3 - 2 in the second after a forehand error by roddick, which was enough to clinch the set.",1
"washington - - the remains of a one american lost in the persian gulf war have been found in iraq, the military said today, after struggling for several four decades with the question of whether he was alive or not.",1
"the macneils claim descent from niall of the nine hostages, king of ireland from 405 to 405.",1
"however, same year the wholesale money markets closed up for a wide range of reasons, of which the first crisis was the fall in american economy currency and the implications of the fall for the value of the structured finance securities.",0.025698660866358813
"some 1. 02 million babies are stillborn and another 904, 000 die soon after birth.",1
unemployment rate for the residents is probably some way off its peak.,1
"but the court, when it was impossible to generalize why whether smokers chose light cigarettes, ruled that the group could not be treated as a class.",1
"so i began moving from one place to another, to secure my life and my family ' s life.",1
they let houston be a seat despite the absence of lin ming.,0.012708530050166547
""" he ' s smart.",1
"he said no evidence has been produced that provost, who was gay, that fired because of his sexual orientation.",1
"still, the 90 - minute races did little to change the dynamics of the race in which gilmore has struggled to remain competitive with warner in opinion polls and fundraising.",1
"this is particularly famous with ron linden, a painter,, director and educator in the los angeles harbor area, whose work was selected by the critic and painter peter glass.",0.18571301219843167
the brutus leads a pack of at least 12 adults and up to 12 children.,1
sopel opened the scoring 1 : 49 in after seeing off a pass by minnesota defenseman brent burns.,1
"an investigative judge can hold evidence, question witnesses and defendants, subpoena documents to determine whether evidence is good, and assign new investigators to look into the case.",1
"the hearing, being held at the gospel literature outreach centre in motherwell, heard mrs west calmly on duty at the candles on the sunday before the blaze.",0.7349320745967939
"massa, who spun at least five times in the victory, was last of the ten finishers and failed to pick up a point.",0.003299312277245918
"within maintenance, provision for winter weather tends to be seen as even more sauce on the cake - - why invest in snowploughs and heaters to stop some points freezing when they might only be frozen for a few days a year?",0.01417656503119452
the guild ' s next move would be determined by history.,1
"it charts their ebb and flow, broken down by regions and states that will then notify the infectious infectious disease control and prevention ( cdc ) in the us.",1
"daisuke matsuzaka, aces, and these boston red sox are taking a sweet streak into the world series, too.",1
what difference do you notice between french and american attitudes with china?,1
"but, all sickness, his hands were tied.",0.49105703744163914
""" literally, "" said mitchell, "" we all go and have a drink. """,1
"his lawyer, david sorkin, originally requested that mr. madoff be held at prison in the northeast, but prison officials sent the him instead.",1
dallas ( reuters ) - veteran nfl league player mike modano has decided to return to the national football league for a second season after briefly considering retirement.,0.006343490567145562
"as a consequence, monks across the country had threatened to march from their hut, to cut off contact with the military and their families, and to refuse alms from missionaries - a humiliating pledge that would likely embarrass the government.",0.0031700306727361575
""" if liberty does prevail, either on one of the two separate pieces of policy evidence that ' s gonna have consequences, "" he added.",1
""" respected comrades... you have fulfilled your task and i congratulate you, "" medvedev, dressed in a grey uniform coat, told servicemen in bulky military uniforms in a clearing near the plesetsk launch site.",1
"they also make up 25 percent of workers in farming and 19 percent in construction construction. _ the 2007 median household income of mexican immigrants was $ 36, 000, compared with $ 50, 000 for u. s. - born residents.",1
"allied other is a leading global provider of in - home movie and game entertainment, with over 80 offices throughout the americas, europe, asia and australia.",0.0008474761086030561
the one move that can be made right away is to bring introduce sharing of near - zero policy rates to an end.,0.07503262155770545
"in early 2006, esaias began to look for patterns.",1
"friday ' s accident, in which the team ' s 1880s and boomerer crashed into a 23 - story apartment building on 91st street, was the second fatal car accident in the city in ten weeks.",0.031076986198151253
san teresa ( ap ) - naked mole rats are no ordinary laboratory mice.,1
"while volvo not indisputably upscale, some felt that volvo was not as exclusive a brand as mercedes or bmw.",1
"if you ask for the price of a pint of beer a week, it makes no difference. you spare one more than one agrees. '",0.08956601469728756
stuart broad did not need reminding of the man who hit him for six sixes in an over in london at the world golf championships.,1
"some patients were left in pain, needing a toilet, had wore soiled bedding for for hours at a time and were not given their regular meals, the investigation found.",0.007042168313873009
